,TrRatio,Dataset,N_tr,seed,DetectT,Masktr,Maskte,Maskepoch,MaskT,Masksize,FCtr,FCte,FCepoch,FCT,FCsize,RFtr,RFte,RFT
0,0.2,0,1600,0,18.421345,0.013724644,0.017714163,200,40.45623755,1504.386719,0.013304972,0.020001704,16,61.95923615,19373.52344,0.019040605,0.042555551,0.129594326
1,0.2,0,1600,1,15.96387672,0.013479562,0.01741844,323,40.94179249,1504.386719,0.014483465,0.019247415,22,68.70127201,19373.52344,0.019811293,0.043609624,0.12382555
2,0.2,0,1600,2,18.35079885,0.01380654,0.017654609,265,40.50037289,1504.386719,0.013927725,0.019547101,17,68.14496374,19373.52344,0.019006482,0.043661381,0.143365145
3,0.2,0,1600,3,21.85103703,0.013558157,0.017438559,306,40.48054123,1504.386719,0.01619965,0.019828292,11,70.10864019,19373.52344,0.020263688,0.044868673,0.131895065
4,0.2,0,1600,4,18.28237247,0.013722901,0.017326863,196,41.95084095,1504.386719,0.010542152,0.020042365,35,75.05383539,19373.52344,0.019519515,0.044077079,0.108366728
50,0.15,0,1200,0,11.9536531,0.013693309,0.018075403,173,29.11556101,1504.386719,0.010480658,0.020368202,21,43.22378755,19373.52344,0.021165101,0.044733525,0.092260361
51,0.15,0,1200,1,13.7467947,0.013057288,0.018007208,328,29.77137041,1504.386719,0.01292128,0.019371735,25,42.71270418,19373.52344,0.021438894,0.045687926,0.089813948
52,0.15,0,1200,2,15.05825019,0.013950431,0.018449685,194,28.86356997,1504.386719,0.015119535,0.020227037,14,43.44676328,19373.52344,0.020481351,0.046419511,0.112475157
53,0.15,0,1200,3,14.32962751,0.013746768,0.018064486,253,28.02103519,1504.386719,0.013697887,0.01984499,22,44.91981006,19373.52344,0.020991072,0.047075945,0.111611605
54,0.15,0,1200,4,13.4594574,0.013835419,0.018172001,157,30.52615404,1504.386719,0.01148984,0.020186597,24,43.56347919,19373.52344,0.021062616,0.04884478,0.091664553
100,0.1,0,800,0,43.44873452,0.013436636,0.018646669,238,21.29967642,1504.386719,0.013849519,0.020006616,24,35.53269458,19373.52344,0.022718568,0.048881419,0.053621769
101,0.1,0,800,1,32.10869336,0.012589331,0.01910367,296,21.99696279,1504.386719,0.010568548,0.020458966,27,41.35674548,19373.52344,0.023633017,0.049952122,0.063673019
102,0.1,0,800,2,24.82626057,0.011572448,0.019810272,371,21.47411633,1504.386719,0.011964587,0.020651745,25,41.80250955,19373.52344,0.023424599,0.049850918,0.082782269
103,0.1,0,800,3,9.379453421,0.012739729,0.018765317,260,21.44184685,1504.386719,0.014119045,0.020452537,19,59.26070476,19373.52344,0.02367248,0.048584579,0.063516617
104,0.1,0,800,4,13.2352705,0.012976485,0.019787649,317,20.45072436,1504.386719,0.013323235,0.020631056,20,35.02572227,19373.52344,0.023489251,0.050889823,0.052125454
150,0.075,0,600,0,12.79073286,0.011944686,0.020421062,388,18.4288311,1504.386719,0.00964785,0.021396523,40,33.7853272,19373.52344,0.022225457,0.051545869,0.050183773
151,0.075,0,600,1,12.99451137,0.012188126,0.020459291,311,17.03356862,1504.386719,0.011699502,0.021249391,31,35.8080821,19373.52344,0.024827982,0.054382396,0.0529356
152,0.075,0,600,2,11.77784538,0.013760921,0.020689208,192,16.77407146,1504.386719,0.010935697,0.020776436,35,33.87660575,19373.52344,0.025524707,0.052995838,0.061222315
153,0.075,0,600,3,13.81286502,0.012990098,0.019974887,276,18.00081325,1504.386719,0.011710264,0.021216713,28,33.23086047,19373.52344,0.023303305,0.051226142,0.066669941
154,0.075,0,600,4,11.99282646,0.011822639,0.020984992,320,15.59427643,1504.386719,0.012041116,0.020871848,34,32.90993857,19373.52344,0.023127361,0.052085045,0.051461458
200,0.05,0,400,0,17.43835855,0.011818142,0.022987533,235,10.79318357,1504.386719,0.013171874,0.022897735,29,39.87188435,19373.52344,0.024734821,0.056066009,0.037463903
201,0.05,0,400,1,13.85519123,0.012065549,0.022363232,280,10.42666698,1504.386719,0.011992219,0.02247514,39,41.33340788,19373.52344,0.025923743,0.055487645,0.038354158
202,0.05,0,400,2,11.29372716,0.011188434,0.021774907,267,10.28953576,1504.386719,0.009792488,0.021936521,41,43.42238426,19373.52344,0.027408874,0.05494655,0.055916309
203,0.05,0,400,3,14.37290311,0.011307363,0.022338882,327,10.68300414,1504.386719,0.015199249,0.022402775,29,43.90486121,19373.52344,0.027822538,0.057196,0.031469345
204,0.05,0,400,4,16.0310483,0.010072211,0.021225244,380,10.72657013,1504.386719,0.014775096,0.021583721,31,56.15236425,19373.52344,0.026199261,0.056392272,0.029337883
5,0.2,1,1600,0,22.93371153,0.013558474,0.018171471,389,40.51107216,1504.386719,0.000901581,0.034039035,374,65.10881019,19373.52344,0.035894038,0.088876273,0.12950778
6,0.2,1,1600,1,23.78257704,0.012890943,0.018471044,388,40.500139,1504.386719,0.003092611,0.033515178,253,54.05548477,19373.52344,0.034722183,0.09081733,0.141206503
7,0.2,1,1600,2,22.03917742,0.012244838,0.018554542,399,41.53482533,1504.386719,0.007686033,0.034899779,391,54.16185164,19373.52344,0.035628506,0.088590353,0.131407738
8,0.2,1,1600,3,18.9370513,0.013909645,0.020022675,395,40.82869697,1504.386719,0.004144299,0.032761745,308,54.00318575,19373.52344,0.035760176,0.087750558,0.158887148
9,0.2,1,1600,4,21.03206491,0.011906593,0.018190091,366,39.98089099,1504.386719,0.000911357,0.033291183,310,53.70768929,19373.52344,0.034279252,0.088127151,0.125310183
55,0.15,1,1200,0,13.45563936,0.012255949,0.019257247,394,28.79734325,1504.386719,0.000860909,0.035363723,398,43.89333868,19373.52344,0.036125825,0.090368199,0.094908953
56,0.15,1,1200,1,15.27089071,0.015593818,0.023526365,359,29.46790862,1504.386719,0.002753697,0.036215514,352,45.28449535,19373.52344,0.036244643,0.088518432,0.098879576
57,0.15,1,1200,2,15.58612967,0.014002351,0.022291383,393,29.6424861,1504.386719,0.002421421,0.036121178,361,42.93765998,19373.52344,0.03621856,0.088611407,0.100592613
58,0.15,1,1200,3,14.8441906,0.012084161,0.019553984,378,29.33045363,1504.386719,0.003837555,0.037562665,279,43.86163068,19373.52344,0.037349914,0.091385494,0.1017313
59,0.15,1,1200,4,16.47115541,0.012019901,0.018584721,376,30.72334409,1504.386719,0.001876831,0.034237411,241,42.56593227,19373.52344,0.035613431,0.089191516,0.09922719
105,0.1,1,800,0,15.99080563,0.011729221,0.02284148,398,21.24410152,1504.386719,0.005247687,0.042050447,304,35.2469399,19373.52344,0.038912814,0.092570843,0.05297637
106,0.1,1,800,1,11.35644507,0.011263666,0.023061814,384,21.06502581,1504.386719,0.002071984,0.041508835,257,34.69843602,19373.52344,0.037410692,0.090266238,0.076936722
107,0.1,1,800,2,19.19812536,0.011257593,0.022247253,365,20.67154837,1504.386719,0.008208484,0.042004231,367,34.67612243,19373.52344,0.035842142,0.092480486,0.084996939
108,0.1,1,800,3,12.92583871,0.011283473,0.02309881,385,20.02152467,1504.386719,0.002434772,0.041972324,301,35.6753664,19373.52344,0.037384644,0.09273305,0.068172932
109,0.1,1,800,4,14.5092876,0.011378764,0.022150008,377,21.0419786,1504.386719,0.002753658,0.041888405,347,36.34921503,19373.52344,0.036944075,0.091119651,0.05420661
155,0.075,1,600,0,13.83619428,0.0120763,0.026908485,360,16.18339634,1504.386719,0.003129173,0.046003923,227,33.66818833,19373.52344,0.034726037,0.094189871,0.054144144
156,0.075,1,600,1,14.58899236,0.01312125,0.025493518,375,18.57893348,1504.386719,0.008480156,0.046575774,308,33.85364747,19373.52344,0.036941193,0.09614217,0.053862333
157,0.075,1,600,2,11.43008828,0.011865929,0.026294919,397,15.87552261,1504.386719,0.003540139,0.044737108,337,33.84649086,19373.52344,0.036843196,0.097031871,0.041681528
158,0.075,1,600,3,12.981498,0.010810442,0.028644875,397,17.77453828,1504.386719,0.016099315,0.045159303,29,33.88771939,19373.52344,0.039763114,0.094722031,0.056157589
159,0.075,1,600,4,10.88722587,0.01148203,0.026446333,397,17.15603137,1504.386719,0.004530833,0.046577197,342,33.69599891,19373.52344,0.03746732,0.093429915,0.073200226
205,0.05,1,400,0,16.4600172,0.015974147,0.034559142,266,9.516551256,1504.386719,0.003270753,0.048397314,146,57.68803906,19373.52344,0.040839495,0.096490463,0.033239841
206,0.05,1,400,1,13.88743663,0.010910526,0.032601021,386,10.5922029,1504.386719,0.013399011,0.05018634,278,62.44867682,19373.52344,0.037578629,0.094085328,0.040266037
207,0.05,1,400,2,15.58265066,0.009670751,0.029873433,390,9.689629316,1504.386719,0.004862646,0.049903229,355,61.72936225,19373.52344,0.036721209,0.098524215,0.03237915
208,0.05,1,400,3,13.29957819,0.0117848,0.031553075,397,9.969177008,1504.386719,0.005609559,0.051467337,201,44.35231543,19373.52344,0.037243303,0.095810239,0.033049822
209,0.05,1,400,4,17.13879991,0.010310702,0.031617031,383,10.83610654,1504.386719,0.002993443,0.050571427,239,46.28765821,19373.52344,0.040308405,0.096785108,0.039594889
10,0.2,2,1600,0,18.72169423,0.011725572,0.017655879,394,39.98877501,1504.386719,0.003121109,0.026408929,296,53.87485766,19373.52344,0.027131035,0.060845085,0.135180712
11,0.2,2,1600,1,17.41855288,0.013965727,0.020548603,356,40.74734354,1504.386719,0.00500239,0.029732233,394,55.32338762,19373.52344,0.028169826,0.062973807,0.153889894
12,0.2,2,1600,2,21.24226022,0.011523201,0.01825309,396,40.47534084,1504.386719,0.012069265,0.027846614,396,54.30852365,19373.52344,0.027382839,0.062743061,0.139466524
13,0.2,2,1600,3,21.86990619,0.012449588,0.020343035,398,40.91984105,1504.386719,0.00176647,0.028564885,340,54.58708549,19373.52344,0.027709917,0.063707789,0.118096113
14,0.2,2,1600,4,18.70870543,0.009586407,0.0151546,376,40.29935932,1504.386719,0.000907567,0.029512234,387,54.0333643,19373.52344,0.028431005,0.065876788,0.139183998
60,0.15,2,1200,0,13.68940878,0.010761435,0.019272625,389,30.14758277,1504.386719,0.002312486,0.033354312,360,42.4988215,19373.52344,0.029240265,0.066273578,0.08138442
61,0.15,2,1200,1,12.1453774,0.011372912,0.018277897,378,30.06744027,1504.386719,0.001970561,0.035990186,357,43.88884473,19373.52344,0.029697633,0.067853567,0.101932049
62,0.15,2,1200,2,13.06880307,0.011506319,0.01982853,395,30.53039026,1504.386719,0.001380615,0.032329176,388,43.8282299,19373.52344,0.029200997,0.066013096,0.101124763
63,0.15,2,1200,3,13.82721496,0.013706631,0.021159841,376,29.370682,1504.386719,0.004561912,0.033827066,358,43.88811064,19373.52344,0.029465706,0.06592175,0.079011679
64,0.15,2,1200,4,18.54396844,0.013695214,0.018763812,398,29.26451302,1504.386719,0.004455829,0.035168931,387,43.51088452,19373.52344,0.028439265,0.064737878,0.108743191
110,0.1,2,800,0,12.75820947,0.010242299,0.019937141,392,22.21499109,1504.386719,0.00322064,0.041346863,387,35.46977115,19373.52344,0.030840408,0.06935303,0.056672096
111,0.1,2,800,1,14.72583246,0.013147162,0.025547689,394,21.21277452,1504.386719,0.002700669,0.043225314,398,36.74906468,19373.52344,0.029276768,0.067629012,0.059536934
112,0.1,2,800,2,14.02381897,0.014353162,0.023666468,396,22.31141472,1504.386719,0.004333674,0.04064279,379,36.64486003,19373.52344,0.03078971,0.068662178,0.070058823
113,0.1,2,800,3,11.01044106,0.013166707,0.02261336,289,21.4362638,1504.386719,0.001218167,0.044276312,306,37.42579246,19373.52344,0.031486132,0.067652051,0.092113733
114,0.1,2,800,4,11.79342675,0.010316858,0.019977385,377,21.94028068,1504.386719,0.011274578,0.0428201,291,57.36388731,19373.52344,0.028069773,0.065660023,0.080265045
160,0.075,2,600,0,13.26477242,0.015036866,0.030957365,291,17.55269766,1504.386719,0.003119282,0.054465633,376,33.75354624,19373.52344,0.030869767,0.071877661,0.056588888
161,0.075,2,600,1,13.17469215,0.012978128,0.02798363,390,17.41434002,1504.386719,0.00380213,0.053864717,336,33.65604663,19373.52344,0.030989511,0.076996206,0.057948828
162,0.075,2,600,2,14.57117009,0.014495685,0.026115939,392,16.61970425,1504.386719,0.00761167,0.050789982,384,34.15493226,19373.52344,0.030771204,0.071645857,0.048404455
163,0.075,2,600,3,12.16245747,0.014122868,0.027896699,360,17.58319569,1504.386719,0.011020296,0.053244695,323,34.08582807,19373.52344,0.028716551,0.070158396,0.055724859
164,0.075,2,600,4,14.02265859,0.030066174,0.041240647,109,17.7490294,1504.386719,0.003089391,0.049588069,357,35.51323152,19373.52344,0.028975704,0.071368957,0.056400776
210,0.05,2,400,0,13.5058527,0.010086507,0.031780403,381,9.983347893,1504.386719,0.005496888,0.060757518,393,56.94595885,19373.52344,0.035431028,0.081346831,0.040380955
211,0.05,2,400,1,13.56216049,0.015823024,0.035353828,206,10.40262938,1504.386719,0.008629967,0.064748965,318,59.92065454,19373.52344,0.037776181,0.092342143,0.035906792
212,0.05,2,400,2,15.36108589,0.011582051,0.030654913,358,9.465226889,1504.386719,0.016908452,0.072794616,264,62.56273031,19373.52344,0.037951976,0.087876038,0.033699989
213,0.05,2,400,3,16.21325326,0.011343778,0.031320289,390,10.16762805,1504.386719,0.021735333,0.065210685,207,64.07912731,19373.52344,0.037321753,0.089982503,0.035679817
214,0.05,2,400,4,16.02927852,0.012385919,0.035647247,383,10.03438044,1504.386719,0.006627146,0.063112915,305,67.25521493,19373.52344,0.03251666,0.076008966,0.040013075
15,0.2,3,1600,0,17.6783483,0.011325911,0.016364029,386,41.02285242,1504.386719,0.002832072,0.027320713,309,54.1049962,19373.52344,0.026802187,0.061212468,0.134254932
16,0.2,3,1600,1,18.4554863,0.010332197,0.015439812,398,39.00603366,1504.386719,0.002527755,0.027806174,333,53.64399314,19373.52344,0.027509213,0.06133944,0.141039133
17,0.2,3,1600,2,18.96660781,0.010090859,0.015576796,392,40.75100803,1504.386719,0.003615271,0.027505103,384,53.97241139,19373.52344,0.026911368,0.061177384,0.134485722
18,0.2,3,1600,3,16.47270155,0.01032251,0.015875442,380,41.44043803,1504.386719,0.003187195,0.027731976,297,54.81933475,19373.52344,0.027132911,0.061542695,0.174933434
19,0.2,3,1600,4,20.70387435,0.009529483,0.015207104,376,39.58729339,1504.386719,0.000912017,0.028681239,297,54.97260451,19373.52344,0.027399111,0.061967133,0.133994818
65,0.15,3,1200,0,12.60591316,0.010029801,0.015752798,371,30.23902154,1504.386719,0.010733376,0.033477426,398,44.023036,19373.52344,0.028532999,0.064259433,0.100296021
66,0.15,3,1200,1,14.49686623,0.011910886,0.019097602,377,30.21617556,1504.386719,0.002770758,0.034815524,332,44.23858953,19373.52344,0.028473672,0.06411515,0.101775408
67,0.15,3,1200,2,14.23455691,0.009723214,0.017360909,388,29.74641585,1504.386719,0.004914549,0.033111945,397,45.09549165,19373.52344,0.02914653,0.064699755,0.101972103
68,0.15,3,1200,3,15.83021808,0.012132806,0.018799571,392,30.03163362,1504.386719,0.000462667,0.03335176,364,45.28888011,19373.52344,0.029533836,0.065095104,0.097464323
69,0.15,3,1200,4,13.8079102,0.01108877,0.0171875,399,29.38126945,1504.386719,0.001470894,0.033937246,362,44.94208312,19373.52344,0.028135493,0.062556124,0.099146605
115,0.1,3,800,0,15.93614483,0.013409246,0.024062717,285,22.25058341,1504.386719,0.001776478,0.041203253,364,60.31913376,19373.52344,0.029362819,0.068459849,0.072045803
116,0.1,3,800,1,24.5509212,0.015955992,0.025829868,304,21.57978392,1504.386719,0.002452595,0.045925405,314,62.50662899,19373.52344,0.029655147,0.067247837,0.091846704
117,0.1,3,800,2,32.39048409,0.009096153,0.019516377,398,30.05252123,1504.386719,0.001285405,0.044936337,395,63.34663129,19373.52344,0.028618314,0.066122268,0.070156813
118,0.1,3,800,3,35.66866565,0.01010003,0.019641746,389,27.58781457,1504.386719,0.003969191,0.045164209,380,67.23096919,19373.52344,0.030256257,0.065160844,0.066046238
119,0.1,3,800,4,16.12419534,0.011302967,0.0224529,398,21.793293,1504.386719,0.007752884,0.045885835,337,68.00267959,19373.52344,0.032071265,0.069221278,0.082408905
165,0.075,3,600,0,15.4727695,0.01024875,0.024101151,397,17.45559216,1504.386719,0.002039899,0.053403314,397,36.61106539,19373.52344,0.029225159,0.067753725,0.045870304
166,0.075,3,600,1,16.52515817,0.013689698,0.028992489,361,15.43540215,1504.386719,0.001084085,0.050905555,372,36.62112975,19373.52344,0.029735451,0.074098167,0.055484533
167,0.075,3,600,2,14.72238874,0.010670462,0.022820486,395,16.7488668,1504.386719,0.005044371,0.052654281,350,36.01856327,19373.52344,0.030752576,0.069337166,0.046174526
168,0.075,3,600,3,15.11654878,0.010553419,0.023844946,389,16.77263474,1504.386719,0.007535436,0.055150293,300,35.72193146,19373.52344,0.03201491,0.071356418,0.054584503
169,0.075,3,600,4,15.0922792,0.013094279,0.028466979,348,16.93413997,1504.386719,0.010843891,0.05633815,328,35.82977653,19373.52344,0.030366211,0.070389977,0.072712898
215,0.05,3,400,0,15.33233666,0.013756303,0.03229421,272,10.44785595,1504.386719,0.00659051,0.062614411,86,68.48988795,19373.52344,0.032348888,0.077683884,0.032427788
216,0.05,3,400,1,14.55606198,0.01055682,0.030085413,390,11.20202756,1504.386719,0.011830267,0.069004998,307,69.16895771,19373.52344,0.036093175,0.088173101,0.042037487
217,0.05,3,400,2,14.83308935,0.014619045,0.03355246,306,9.869533777,1504.386719,0.004899152,0.072854631,325,69.83378625,19373.52344,0.038024418,0.088037956,0.041432858
218,0.05,3,400,3,14.50402451,0.013942686,0.036253523,311,10.46566153,1504.386719,0.015138838,0.069971412,49,75.92649865,19373.52344,0.032826212,0.081338394,0.036516666
219,0.05,3,400,4,15.16749763,0.009746795,0.025985101,398,10.34563375,1504.386719,0.004173854,0.06560944,339,52.45250821,19373.52344,0.032300771,0.076183975,0.03167367
20,0.2,4,1600,0,20.81288767,0.018150099,0.025560303,355,40.77453136,1504.386719,0.012302721,0.029809792,33,54.99757934,19373.52344,0.037850338,0.083392222,0.128936768
21,0.2,4,1600,1,20.18126392,0.018538674,0.026492512,376,40.97960067,1504.386719,0.00122679,0.030299477,362,54.35508466,19373.52344,0.035900806,0.081522729,0.132619143
22,0.2,4,1600,2,19.91027093,0.018075331,0.024655359,349,40.09220743,1504.386719,0.005924782,0.031221626,350,54.1673336,19373.52344,0.037241706,0.083639868,0.133927822
23,0.2,4,1600,3,23.27931738,0.018670845,0.026731284,392,40.31956458,1504.386719,0.012052464,0.030385017,32,54.38708162,19373.52344,0.035854105,0.082804048,0.131872654
24,0.2,4,1600,4,25.15302539,0.017968177,0.025068734,370,39.44389701,1504.386719,0.009780486,0.030174781,26,55.04892349,19373.52344,0.036548203,0.080054153,0.15316081
70,0.15,4,1200,0,20.45473146,0.018735593,0.026792828,281,29.19138384,1504.386719,0.003519791,0.032469466,377,52.87349701,19373.52344,0.039302327,0.085373246,0.077963352
71,0.15,4,1200,1,15.1776967,0.018494237,0.029623197,398,29.1829927,1504.386719,0.004217912,0.031470608,81,56.87458372,19373.52344,0.038570409,0.088409179,0.09837079
72,0.15,4,1200,2,14.77926683,0.018440387,0.028409863,333,29.69727969,1504.386719,0.01469136,0.031239918,26,59.91364527,19373.52344,0.041118525,0.088204087,0.10763526
73,0.15,4,1200,3,12.18323445,0.019417692,0.027888652,337,29.74905419,1504.386719,0.002000978,0.032150865,391,63.07771111,19373.52344,0.037117375,0.082236261,0.101044893
74,0.15,4,1200,4,18.3212781,0.018463004,0.026666693,330,29.86915183,1504.386719,0.004132847,0.032822113,386,45.44588566,19373.52344,0.038483718,0.087667638,0.097420692
120,0.1,4,800,0,15.25671983,0.01701742,0.027563872,340,20.01803231,1504.386719,0.003534153,0.034918871,338,70.58223391,19373.52344,0.039345869,0.086842427,0.05138135
121,0.1,4,800,1,11.78318572,0.042822777,0.048119679,66,22.7927506,1504.386719,0.004222347,0.03629414,303,66.72432423,19373.52344,0.041122933,0.091799036,0.051913261
122,0.1,4,800,2,15.92967987,0.019992099,0.028116135,217,21.30713034,1504.386719,0.002868298,0.035408434,364,64.77042913,19373.52344,0.042249451,0.094192097,0.07184267
123,0.1,4,800,3,15.33884811,0.017748194,0.029393872,259,22.65034485,1504.386719,0.004803837,0.034874689,390,67.65098,19373.52344,0.039840838,0.089312169,0.084444523
124,0.1,4,800,4,14.63418245,0.017320956,0.029745346,367,19.86238837,1504.386719,0.006616,0.034575067,84,69.14703107,19373.52344,0.042595531,0.09147367,0.068104982
170,0.075,4,600,0,14.26258278,0.016828238,0.030148776,258,16.17748857,1504.386719,0.002997129,0.037207391,334,36.00478268,19373.52344,0.039705008,0.095807424,0.05435729
171,0.075,4,600,1,12.10963202,0.016868627,0.033999391,280,16.64963531,1504.386719,0.004223256,0.03671493,239,36.65515447,19373.52344,0.039489322,0.090664787,0.052701473
172,0.075,4,600,2,15.77847934,0.016784223,0.030392902,379,17.32997394,1504.386719,0.004723309,0.037933767,114,35.92385244,19373.52344,0.041129509,0.093894579,0.072270155
173,0.075,4,600,3,19.01811075,0.018418185,0.03087661,191,16.09135509,1504.386719,0.001511265,0.037709646,348,35.65865541,19373.52344,0.042251108,0.095043323,0.056051016
174,0.075,4,600,4,18.15793943,0.042611674,0.049309514,69,15.60613728,1504.386719,0.000802646,0.037613884,340,35.82624292,19373.52344,0.041277686,0.09275368,0.068345547
220,0.05,4,400,0,13.57101393,0.015644489,0.038892992,361,9.737998009,1504.386719,0.005188346,0.048596881,302,33.21016574,19373.52344,0.044083928,0.104760804,0.031759262
221,0.05,4,400,1,12.65319824,0.017052141,0.036856901,300,10.6562376,1504.386719,0.010158977,0.045544501,143,32.7336936,19373.52344,0.047635955,0.107036148,0.032683611
222,0.05,4,400,2,16.76203179,0.01349586,0.039463859,392,10.91456985,1504.386719,0.002484152,0.04780912,329,32.73105145,19373.52344,0.047489326,0.102236908,0.031042099
223,0.05,4,400,3,15.77121902,0.017176916,0.040002238,395,9.237233162,1504.386719,0.008064848,0.04629866,380,32.43045688,19373.52344,0.046191013,0.103817121,0.054525375
224,0.05,4,400,4,13.05172801,0.043529288,0.051423553,81,10.69546628,1504.386719,0.006251291,0.04642513,251,32.20197654,19373.52344,0.043626606,0.101881487,0.039996624
25,0.2,5,1600,0,18.67011023,0.006460194,0.009596058,397,41.06580496,1504.386719,0.000491194,0.023107439,396,53.27635455,19373.52344,0.020079146,0.046720007,0.137997866
26,0.2,5,1600,1,21.14180779,0.006229709,0.009627491,377,41.39291906,1504.386719,0.002534759,0.021614989,352,54.87984467,19373.52344,0.0197543,0.047390776,0.138679028
27,0.2,5,1600,2,21.55458713,0.006477471,0.009651341,388,40.74446154,1504.386719,0.00285298,0.022567512,339,54.08711052,19373.52344,0.020361358,0.04653802,0.141305447
28,0.2,5,1600,3,14.82467318,0.00509202,0.007754474,382,39.8817904,1504.386719,0.001839575,0.023652505,393,53.57091784,19373.52344,0.020609139,0.047689814,0.119524002
29,0.2,5,1600,4,21.35632515,0.005696133,0.009360068,397,40.1320219,1504.386719,0.001521577,0.021895975,386,53.89212298,19373.52344,0.020134571,0.04751588,0.1197896
75,0.15,5,1200,0,13.52345538,0.007312688,0.012426201,395,29.92011595,1504.386719,0.002222427,0.025498588,389,56.15907931,19373.52344,0.02059654,0.047775132,0.105942488
76,0.15,5,1200,1,14.63008952,0.00700614,0.011616831,397,29.77507901,1504.386719,0.006141004,0.025956938,388,59.80493093,19373.52344,0.021054461,0.049018419,0.10685277
77,0.15,5,1200,2,17.18004203,0.006373244,0.010731999,398,38.9184556,1504.386719,0.005330561,0.026863236,395,62.18454289,19373.52344,0.021414494,0.049935743,0.086905718
78,0.15,5,1200,3,14.11211562,0.006738619,0.012599424,391,29.54931045,1504.386719,0.003474343,0.0272993,362,60.90423536,19373.52344,0.021688542,0.049296926,0.111765862
79,0.15,5,1200,4,15.58550501,0.007038601,0.012199659,398,30.63634968,1504.386719,0.001385677,0.026675401,362,48.09093904,19373.52344,0.020666618,0.048327139,0.107257843
125,0.1,5,800,0,9.898822308,0.005654706,0.011109549,395,21.53963733,1504.386719,0.004671125,0.034502272,357,69.9189713,19373.52344,0.021191134,0.050802456,0.07438159
126,0.1,5,800,1,11.58074546,0.009158122,0.016442304,399,23.18445516,1504.386719,0.005157364,0.033734336,367,73.85592318,19373.52344,0.023770616,0.053050495,0.089734793
127,0.1,5,800,2,13.38940096,0.005486287,0.012074223,388,21.90994883,1504.386719,0.009427439,0.031187629,326,78.24157405,19373.52344,0.020308628,0.050491749,0.055777788
128,0.1,5,800,3,11.71092415,0.010219498,0.019060705,397,22.58317161,1504.386719,0.000499775,0.03007447,376,36.92121887,19373.52344,0.022681221,0.053810609,0.076979876
129,0.1,5,800,4,11.69009972,0.013599746,0.023527902,378,22.05389357,1504.386719,0.006360073,0.032595828,365,35.22299838,19373.52344,0.022448779,0.051571082,0.075871944
175,0.075,5,600,0,12.11276603,0.011031738,0.023282204,398,16.74993253,1504.386719,0.002559044,0.035988756,368,35.72084332,19373.52344,0.02440514,0.057479994,0.044290304
176,0.075,5,600,1,16.15896511,0.012500329,0.025188526,296,16.084337,1504.386719,0.005564648,0.035325918,256,34.86622119,19373.52344,0.023012988,0.054068817,0.067007065
177,0.075,5,600,2,15.01727271,0.0057201,0.013189704,397,16.50244045,1504.386719,0.016224755,0.037325777,193,35.60392785,19373.52344,0.023352828,0.054503161,0.056010962
178,0.075,5,600,3,15.13968062,0.005973796,0.012378648,396,15.89474392,1504.386719,0.002603857,0.035678707,355,35.98562121,19373.52344,0.027698646,0.060327038,0.068363428
179,0.075,5,600,4,12.68509245,0.006282726,0.017124537,397,15.41548204,1504.386719,0.006588191,0.037073433,70,35.62513614,19373.52344,0.024728983,0.053214506,0.057892561
225,0.05,5,400,0,13.95579767,0.011434964,0.027331701,275,9.761427164,1504.386719,0.00975613,0.041352119,53,32.45898342,19373.52344,0.031417873,0.066872568,0.035036564
226,0.05,5,400,1,13.13528681,0.010620356,0.030365897,362,10.13042998,1504.386719,0.008532245,0.042690061,316,32.96760726,19373.52344,0.029369273,0.069596966,0.035680056
227,0.05,5,400,2,16.08767962,0.005994224,0.020921225,399,10.36112285,1504.386719,0.006401123,0.039927296,116,33.23053241,19373.52344,0.030420889,0.070402302,0.042076349
228,0.05,5,400,3,15.08958817,0.006019566,0.020565426,396,10.13058949,1504.386719,0.004464835,0.040541228,77,33.05871558,19373.52344,0.029486391,0.067775397,0.042958498
229,0.05,5,400,4,11.62503815,0.005754995,0.019766049,396,10.32646036,1504.386719,0.003308828,0.044300452,301,33.38900542,19373.52344,0.029747772,0.072149474,0.051407814
30,0.2,6,1600,0,22.44545865,0.007904537,0.010444327,360,40.54571319,1504.386719,0.001090248,0.013724392,366,56.29237056,19373.52344,0.031186314,0.0720058,0.119179726
31,0.2,6,1600,1,22.0014801,0.007645496,0.010742892,377,39.87756324,1504.386719,0.001913655,0.012987481,344,55.5124464,19373.52344,0.032047889,0.070037826,0.102360964
32,0.2,6,1600,2,16.34026265,0.007349723,0.009939447,364,37.42420053,1504.386719,0.001661083,0.012698393,398,55.57057095,19373.52344,0.031434634,0.070162084,0.106822252
33,0.2,6,1600,3,18.8343122,0.007317879,0.010202192,396,38.63904881,1504.386719,0.000864417,0.012762924,377,52.64404202,19373.52344,0.030580558,0.069210421,0.098547459
34,0.2,6,1600,4,14.34250569,0.007276206,0.010643215,373,38.40548134,1504.386719,0.001218083,0.013048091,391,53.00437212,19373.52344,0.03196995,0.070368952,0.131594181
80,0.15,6,1200,0,14.33722329,0.007862133,0.011673982,399,29.88002658,1504.386719,0.000962699,0.013893654,358,56.95301986,19373.52344,0.033121744,0.070379473,0.089436054
81,0.15,6,1200,1,13.73458076,0.008031371,0.011567656,350,30.06642365,1504.386719,0.001623833,0.013667341,385,59.29403281,19373.52344,0.032608753,0.07420886,0.072204351
82,0.15,6,1200,2,17.64412141,0.007402229,0.011009326,348,29.69756889,1504.386719,0.001258003,0.01460882,298,66.51702547,19373.52344,0.032961709,0.072775181,0.092921734
83,0.15,6,1200,3,16.24401879,0.007172857,0.011754063,381,29.68445849,1504.386719,0.000936538,0.014714277,387,63.68704748,19373.52344,0.033512199,0.071194284,0.09149766
84,0.15,6,1200,4,21.33843756,0.006974717,0.011061019,390,28.51662517,1504.386719,0.001151546,0.01321433,379,68.44043446,19373.52344,0.032356736,0.073245039,0.081703901
130,0.1,6,800,0,15.72755384,0.006551324,0.012149425,392,31.3233552,1504.386719,0.000937927,0.015838759,396,35.02913404,19373.52344,0.035002768,0.07886198,0.066828966
131,0.1,6,800,1,13.19117332,0.007606182,0.012712302,398,22.1845932,1504.386719,0.002261074,0.017101245,368,70.40198946,19373.52344,0.034430767,0.082327784,0.048955917
132,0.1,6,800,2,16.05915022,0.007919794,0.014910881,381,21.42935681,1504.386719,0.001526974,0.016863072,348,75.98891973,19373.52344,0.034557654,0.080826551,0.063770771
133,0.1,6,800,3,13.02245498,0.006960085,0.011808788,360,34.9901278,1504.386719,0.001051738,0.016094074,372,43.43570757,19373.52344,0.033803238,0.079499802,0.071166039
134,0.1,6,800,4,13.20993638,0.006718117,0.012730636,399,22.87698007,1504.386719,0.007048654,0.015948769,398,38.76268172,19373.52344,0.035084184,0.079341368,0.0744133
180,0.075,6,600,0,46.40763998,0.00711252,0.014546762,392,18.95630717,1504.386719,0.001241755,0.018227816,366,36.43413949,19373.52344,0.034681847,0.084130848,0.041224003
181,0.075,6,600,1,13.23206234,0.006993453,0.013524313,399,17.8702724,1504.386719,0.002654884,0.017120551,392,35.94550157,19373.52344,0.036047296,0.084905884,0.041399479
182,0.075,6,600,2,27.86443973,0.007983152,0.016116511,363,16.15445876,1504.386719,0.001292967,0.018500686,392,36.46718216,19373.52344,0.036855926,0.085780883,0.051234961
183,0.075,6,600,3,19.48445821,0.007465632,0.01438627,380,16.1327889,1504.386719,0.002020456,0.016336534,152,36.17288208,19373.52344,0.036784869,0.083422271,0.049529791
184,0.075,6,600,4,16.4231143,0.008288232,0.016077226,387,15.00409317,1504.386719,0.001006914,0.017179575,348,36.83335328,19373.52344,0.035784592,0.082068728,0.067455769
230,0.05,6,400,0,15.56101155,0.005850074,0.014911341,396,10.22745585,1504.386719,0.001018696,0.019713292,319,33.26532102,19373.52344,0.038409145,0.08459038,0.036889791
231,0.05,6,400,1,17.26751637,0.007477182,0.017683949,397,9.155815363,1504.386719,0.00398883,0.021965463,345,33.32070947,19373.52344,0.037889408,0.084729618,0.037479401
232,0.05,6,400,2,15.66715503,0.006830484,0.016762128,390,10.06722093,1504.386719,0.004887837,0.019060578,175,34.08216286,19373.52344,0.037516679,0.08377637,0.040846348
233,0.05,6,400,3,13.35644293,0.006239005,0.016776141,382,9.483535051,1504.386719,0.007049079,0.020601526,372,34.40920782,19373.52344,0.035869498,0.088081869,0.031297684
234,0.05,6,400,4,15.04992104,0.006659782,0.016539615,399,10.14679646,1504.386719,0.001694283,0.019110363,196,34.38337731,19373.52344,0.036566493,0.087397486,0.038188219
35,0.2,7,1600,0,14.4723773,0.005901586,0.0087766,372,39.17957878,1504.386719,0.001742023,0.011521041,394,53.21263385,19373.52344,0.018830038,0.04555342,0.096183538
36,0.2,7,1600,1,11.63975382,0.00569454,0.0091786,387,36.71822119,1504.386719,0.001041665,0.011685333,368,53.26181555,19373.52344,0.019057195,0.044953432,0.12609601
37,0.2,7,1600,2,11.19592857,0.005402122,0.008082624,386,37.40341663,1504.386719,0.002075249,0.011593645,396,52.4157002,19373.52344,0.01909942,0.044023632,0.099816561
38,0.2,7,1600,3,14.54323697,0.005627805,0.008346139,376,39.37500715,1504.386719,0.003837046,0.012114372,351,53.62604046,19373.52344,0.019999528,0.046528106,0.11949563
39,0.2,7,1600,4,15.36233115,0.005924904,0.009290272,391,39.28325367,1504.386719,0.002155601,0.011392817,93,54.06537151,19373.52344,0.018897141,0.044694062,0.095132113
85,0.15,7,1200,0,36.7414124,0.005595525,0.010563933,394,29.29319191,1504.386719,0.001655395,0.012934875,257,68.97866559,19373.52344,0.021213103,0.045640948,0.069092989
86,0.15,7,1200,1,41.91939831,0.005419682,0.009269305,363,30.316154,1504.386719,0.002228416,0.013012419,368,70.01886225,19373.52344,0.021317283,0.045652192,0.108908653
87,0.15,7,1200,2,44.09746838,0.00577741,0.009760054,387,36.22119999,1504.386719,0.002982598,0.012765961,371,71.41049671,19373.52344,0.019342628,0.044701289,0.090424299
88,0.15,7,1200,3,14.62318516,0.005619445,0.008995054,393,34.4707377,1504.386719,0.001723515,0.012655017,376,75.15209627,19373.52344,0.02216934,0.047807315,0.088772774
89,0.15,7,1200,4,15.30460048,0.00524364,0.010348023,389,41.47691298,1504.386719,0.003064676,0.012869054,77,54.80566406,19373.52344,0.020406475,0.045349257,0.090578318
135,0.1,7,800,0,11.16134691,0.005310102,0.011635788,387,23.06172514,1504.386719,0.002980482,0.013782493,173,70.44061637,19373.52344,0.020971609,0.048877713,0.064249516
136,0.1,7,800,1,11.94049144,0.005657044,0.011433397,386,22.56540728,1504.386719,0.001335936,0.013930407,114,76.50991464,19373.52344,0.023797285,0.050016573,0.062633514
137,0.1,7,800,2,13.46159887,0.00484325,0.0116683,370,21.67557001,1504.386719,0.002268682,0.015590696,311,56.40360379,19373.52344,0.022012017,0.05048015,0.063674927
138,0.1,7,800,3,12.21593857,0.004862088,0.012037837,392,21.01601601,1504.386719,0.002597552,0.01463918,151,45.13723922,19373.52344,0.020977151,0.047646908,0.082853556
139,0.1,7,800,4,12.62680864,0.004943019,0.011196967,395,22.57725048,1504.386719,0.001626897,0.014364937,148,71.45191622,19373.52344,0.020388811,0.048348675,0.084261179
185,0.075,7,600,0,35.51630545,0.004834732,0.011163103,375,24.55887413,1504.386719,0.00261824,0.014737325,141,37.45800972,19373.52344,0.022487635,0.052014146,0.03939271
186,0.075,7,600,1,18.6879077,0.005214888,0.013541743,393,16.92286134,1504.386719,0.002982343,0.017162981,392,37.52820373,19373.52344,0.02271129,0.051669591,0.057870865
187,0.075,7,600,2,20.87865424,0.005749075,0.013389296,378,18.29649997,1504.386719,0.004828962,0.017467488,353,37.56861544,19373.52344,0.021245905,0.051700915,0.052863121
188,0.075,7,600,3,14.7123301,0.005037141,0.012859518,388,15.88666844,1504.386719,0.002995441,0.016618075,162,37.58849907,19373.52344,0.023100453,0.05175165,0.051329851
189,0.075,7,600,4,12.4676857,0.004818132,0.014096155,397,16.46005034,1504.386719,0.004477311,0.015587214,174,36.98747778,19373.52344,0.023223461,0.051905675,0.050551414
235,0.05,7,400,0,13.59362769,0.004554128,0.015890166,396,9.793247938,1504.386719,0.002173528,0.018910453,151,32.99068213,19373.52344,0.023398815,0.056540275,0.030389547
236,0.05,7,400,1,18.6485796,0.005530698,0.013726699,394,10.13711143,1504.386719,0.001482737,0.018374665,245,33.03765559,19373.52344,0.025130492,0.055153825,0.037704706
237,0.05,7,400,2,15.8547771,0.004823182,0.014549928,392,10.01711488,1504.386719,0.003454794,0.017819148,218,33.48424959,19373.52344,0.022768267,0.054889131,0.053342581
238,0.05,7,400,3,15.08390141,0.00513293,0.014503709,386,10.88426089,1504.386719,0.00517991,0.017548103,340,33.33589172,19373.52344,0.024185674,0.057411875,0.029862642
239,0.05,7,400,4,17.2515161,0.005032155,0.016512413,398,9.787234545,1504.386719,0.002899506,0.018721521,204,33.54547,19373.52344,0.02258019,0.055514128,0.030376196
40,0.2,8,1600,0,30.52581453,0.012590401,0.017276179,387,39.06004786,1504.386719,0.005908398,0.023833601,292,53.38111901,19373.52344,0.021939965,0.052974113,0.126897812
41,0.2,8,1600,1,22.75908995,0.011200173,0.015850753,341,38.87881494,1504.386719,0.002858899,0.024588495,382,51.8022573,19373.52344,0.023434239,0.052108534,0.146776438
42,0.2,8,1600,2,18.81376243,0.012390145,0.016988426,388,38.91905308,1504.386719,0.002603139,0.023781318,262,52.46760702,19373.52344,0.023465099,0.052408143,0.100154877
43,0.2,8,1600,3,20.29833102,0.011461924,0.016496189,342,39.07931709,1504.386719,0.006481385,0.024594385,373,53.24820399,19373.52344,0.022937413,0.052631701,0.101464272
44,0.2,8,1600,4,14.57514191,0.01137089,0.015916247,391,39.93975902,1504.386719,0.004513335,0.024245648,367,53.46802258,19373.52344,0.022432614,0.053173694,0.108951569
90,0.15,8,1200,0,81.24336362,0.012036002,0.016546326,305,32.42120957,1504.386719,0.00503085,0.02660024,252,68.90811849,19373.52344,0.023323016,0.053905023,0.084337473
91,0.15,8,1200,1,12.25409412,0.012002929,0.017870899,392,30.29846215,1504.386719,0.003250529,0.027317807,250,58.33384085,19373.52344,0.023258943,0.053073905,0.113408566
92,0.15,8,1200,2,15.12739825,0.01139749,0.01638622,262,30.30025148,1504.386719,0.003335919,0.026452743,271,56.4196403,19373.52344,0.02353186,0.05398563,0.094250441
93,0.15,8,1200,3,11.55764103,0.011376045,0.017662058,392,29.6568222,1504.386719,0.002267631,0.0269843,395,48.24578238,19373.52344,0.023342808,0.054892581,0.095089674
94,0.15,8,1200,4,14.85101414,0.011372185,0.017662512,392,30.13330841,1504.386719,0.002141901,0.025991242,170,48.20233464,19373.52344,0.023945601,0.053344432,0.09700489
140,0.1,8,800,0,11.85361886,0.010569702,0.018302465,364,22.23678684,1504.386719,0.004094605,0.027797226,178,77.07009077,19373.52344,0.024309675,0.057868078,0.065608025
141,0.1,8,800,1,13.00346398,0.011394263,0.018793797,394,20.79813385,1504.386719,0.003571172,0.027897345,154,44.70748067,19373.52344,0.024369804,0.05889386,0.085664511
142,0.1,8,800,2,12.93964744,0.013576039,0.02074453,218,21.82275653,1504.386719,0.008142838,0.027302762,227,36.02333093,19373.52344,0.023850314,0.05667551,0.066760778
143,0.1,8,800,3,14.38441014,0.012937445,0.020609532,344,22.20252252,1504.386719,0.004730123,0.028061656,323,34.38951921,19373.52344,0.024587212,0.057161248,0.085522413
144,0.1,8,800,4,12.74683428,0.01170935,0.019392287,370,22.07623982,1504.386719,0.0061407,0.027628617,308,34.77348161,19373.52344,0.023897147,0.058641277,0.054543734
190,0.075,8,600,0,11.2451458,0.009801807,0.019306535,362,15.83452058,1504.386719,0.008051629,0.02934904,243,37.10173965,19373.52344,0.024940447,0.060698321,0.056064844
191,0.075,8,600,1,15.70183468,0.011455902,0.021414628,364,17.05838799,1504.386719,0.012294576,0.029661706,261,37.77136183,19373.52344,0.024450753,0.058247083,0.051161528
192,0.075,8,600,2,25.09782696,0.012731406,0.020704113,326,17.6170373,1504.386719,0.004756349,0.028622307,140,39.27436185,19373.52344,0.023854837,0.057893746,0.05104661
193,0.075,8,600,3,13.37844801,0.009414267,0.019261578,382,18.61819792,1504.386719,0.006391986,0.029648321,162,38.45341516,19373.52344,0.024768266,0.058668516,0.042903185
194,0.075,8,600,4,13.22121453,0.010882434,0.020632254,389,16.0076592,1504.386719,0.007890507,0.029704634,189,39.12908292,19373.52344,0.023891509,0.059283773,0.051841974
240,0.05,8,400,0,14.15664911,0.008433784,0.021798275,397,10.70149803,1504.386719,0.004461412,0.032844562,298,33.62123322,19373.52344,0.027459592,0.061781353,0.030540466
241,0.05,8,400,1,13.37482333,0.012350478,0.024714667,263,9.713987589,1504.386719,0.004493166,0.03139266,296,33.8121326,19373.52344,0.025870578,0.06054564,0.029710531
242,0.05,8,400,2,11.53046918,0.012978883,0.023901196,208,10.61575294,1504.386719,0.009082433,0.032011081,290,34.92659974,19373.52344,0.02490171,0.059078468,0.032406092
243,0.05,8,400,3,14.54648471,0.012284648,0.024333119,215,9.878011227,1504.386719,0.009241226,0.032302771,393,33.22087932,19373.52344,0.023884189,0.062365809,0.055152178
244,0.05,8,400,4,14.98611307,0.01052906,0.022553151,238,10.46637464,1504.386719,0.003377552,0.030967643,183,33.44761562,19373.52344,0.02555988,0.059738282,0.038794041
45,0.2,9,1600,0,15.74772573,0.010781445,0.015339989,394,37.76465845,1504.386719,0.002468341,0.019089229,310,49.85539675,19373.52344,0.021987111,0.047874225,0.117253065
46,0.2,9,1600,1,17.1171484,0.014793746,0.017370114,167,38.42641306,1504.386719,0.00241278,0.018729104,224,52.07850814,19373.52344,0.022318845,0.049220787,0.091855764
47,0.2,9,1600,2,14.76470637,0.010908557,0.015020641,301,37.52655029,1504.386719,0.001753366,0.01867301,336,51.36222887,19373.52344,0.022518891,0.050147586,0.121346951
48,0.2,9,1600,3,16.9351759,0.011367565,0.014573964,263,38.58881903,1504.386719,0.004606543,0.01857828,57,51.9907856,19373.52344,0.022333942,0.048633443,0.149343729
49,0.2,9,1600,4,15.15846658,0.011130987,0.015036027,240,38.13522983,1504.386719,0.001464558,0.018707557,397,53.55432034,19373.52344,0.023618319,0.05024365,0.136816502
95,0.15,9,1200,0,13.68808913,0.010571669,0.015903292,295,29.82950568,1504.386719,0.007563495,0.019584708,27,42.94426584,19373.52344,0.022707874,0.051534134,0.091564655
96,0.15,9,1200,1,21.72348714,0.010560125,0.015008491,236,31.34860206,1504.386719,0.008488657,0.019669263,24,42.19322515,19373.52344,0.023192891,0.052426132,0.090599537
97,0.15,9,1200,2,17.68524003,0.011306678,0.016062791,391,29.84853244,1504.386719,0.006574745,0.020223325,32,41.89616179,19373.52344,0.024832004,0.05254662,0.074154615
98,0.15,9,1200,3,34.07092977,0.011452413,0.015065735,268,29.75123024,1504.386719,0.00553558,0.019361246,51,47.94040084,19373.52344,0.023708454,0.054394789,0.089177608
99,0.15,9,1200,4,14.17066717,0.010441404,0.015333634,341,29.64708781,1504.386719,0.003054719,0.019038882,196,55.37357068,19373.52344,0.023478667,0.052252127,0.111832142
145,0.1,9,800,0,14.56398273,0.009713695,0.017167892,351,21.1471653,1504.386719,0.002677331,0.02078413,315,34.5069201,19373.52344,0.026002676,0.056879269,0.064831972
146,0.1,9,800,1,12.46566963,0.012252183,0.018717732,274,21.6822803,1504.386719,0.008597674,0.019650601,36,35.89333606,19373.52344,0.025986072,0.055310481,0.063318253
147,0.1,9,800,2,12.58618402,0.00939131,0.017193947,310,22.60856724,1504.386719,0.003483647,0.020126702,381,36.5604527,19373.52344,0.026860373,0.05521838,0.062675476
148,0.1,9,800,3,12.76109648,0.009122585,0.016285056,342,22.88719797,1504.386719,0.002211744,0.020729633,336,35.64796495,19373.52344,0.026495795,0.055075265,0.062936306
149,0.1,9,800,4,13.38748646,0.008455138,0.014269965,353,20.85041595,1504.386719,0.000923426,0.020971138,358,36.43834662,19373.52344,0.025809396,0.056542086,0.066518068
195,0.075,9,600,0,11.41558838,0.008631652,0.016321629,360,16.7527802,1504.386719,0.002517519,0.022303566,91,38.4892118,19373.52344,0.027439965,0.061611835,0.051160336
196,0.075,9,600,1,15.17028594,0.009033417,0.017872561,394,15.73332834,1504.386719,0.002112476,0.021450505,274,38.82271266,19373.52344,0.02766201,0.062948049,0.049424887
197,0.075,9,600,2,13.2110672,0.009216426,0.018812759,397,16.15707135,1504.386719,0.00554942,0.021257525,51,38.94140887,19373.52344,0.025841624,0.060453313,0.050271988
198,0.075,9,600,3,17.46744418,0.008818516,0.017800363,375,16.20126963,1504.386719,0.002122398,0.021877917,285,39.70164967,19373.52344,0.02685118,0.063804483,0.069604158
199,0.075,9,600,4,15.26453876,0.008444702,0.018072464,378,16.38973665,1504.386719,0.003110905,0.02179662,319,40.9802556,19373.52344,0.027757265,0.064110181,0.051017046
245,0.05,9,400,0,16.59024215,0.008699101,0.019708881,392,9.441971064,1504.386719,0.00502511,0.023121664,285,33.47421527,19373.52344,0.031344857,0.065888138,0.029829502
246,0.05,9,400,1,16.31061053,0.008069776,0.020932404,378,10.48019385,1504.386719,0.006374355,0.024250085,274,33.05983901,19373.52344,0.028038062,0.065010775,0.02950263
247,0.05,9,400,2,17.3801055,0.007770496,0.018710764,322,9.873729229,1504.386719,0.000852099,0.023055891,389,33.36519217,19373.52344,0.030300642,0.066458157,0.038749218
248,0.05,9,400,3,15.52282143,0.008881232,0.02271332,329,13.92769742,1504.386719,0.004278379,0.023592755,332,33.81582546,19373.52344,0.028641348,0.06600566,0.03301096
249,0.05,9,400,4,16.85386109,0.007422722,0.019728763,386,13.61083436,1504.386719,0.00514922,0.023931272,55,34.48381305,19373.52344,0.030785448,0.064887163,0.03753376
