,TrRatio,Dataset,N_tr,seed,DetectT,Masktr,Maskte,Maskepoch,MaskT,Masksize,FCtr,FCte,FCepoch,FCT,FCsize,RFtr,RFte,RFT
0,0.2,0,1600,0,18.421344995498657,0.013724643721085407,0.017714163288474083,200,40.45623755455017,1504.38671875,0.013304972278162063,0.02000170387327671,16,61.95923614501953,19373.5234375,0.01904060492508017,0.0425555513523579,0.1295943260192871
1,0.2,0,1600,1,15.963876724243164,0.01347956161772255,0.01741844043135643,323,40.941792488098145,1504.38671875,0.014483464560261955,0.01924741454422474,22,68.70127201080322,19373.5234375,0.019811293274826045,0.04360962430132314,0.1238255500793457
2,0.2,0,1600,2,18.350798845291138,0.0138065404135629,0.01765460893511772,265,40.500372886657715,1504.38671875,0.013927724912443356,0.019547101110219955,17,68.14496374130249,19373.5234375,0.01900648208175499,0.043661380912236536,0.14336514472961426
3,0.2,0,1600,3,21.85103702545166,0.01355815659007473,0.017438558861613274,306,40.48054122924805,1504.38671875,0.0161996497140263,0.01982829160988331,11,70.10864019393921,19373.5234375,0.020263688302322308,0.04486867272294939,0.1318950653076172
4,0.2,0,1600,4,18.28237247467041,0.01372290109735816,0.01732686348259449,196,41.95084095001221,1504.38671875,0.010542151657035575,0.020042365416884422,35,75.05383539199829,19373.5234375,0.019519514543942382,0.04407707940148161,0.10836672782897949
5,0.2,1,1600,0,22.933711528778076,0.013558473812132944,0.01817147061228752,389,40.51107215881348,1504.38671875,0.0009015812461203852,0.03403903543949127,374,65.10881018638611,19373.5234375,0.035894038170608544,0.08887627326859035,0.12950778007507324
6,0.2,1,1600,1,23.78257703781128,0.012890942984783164,0.018471043556928635,388,40.500138998031616,1504.38671875,0.003092611242100598,0.03351517766714096,253,54.055484771728516,19373.5234375,0.03472218334259819,0.09081733035086777,0.1412065029144287
7,0.2,1,1600,2,22.039177417755127,0.012244837602836197,0.01855454221367836,399,41.53482532501221,1504.38671875,0.007686033327203795,0.03489977866411209,391,54.16185164451599,19373.5234375,0.0356285058979652,0.0885903530730416,0.1314077377319336
8,0.2,1,1600,3,18.93705129623413,0.013909645085530619,0.020022675395011902,395,40.828696966171265,1504.38671875,0.00414429865475978,0.032761745154857635,308,54.003185749053955,19373.5234375,0.03576017575022927,0.0877505578103087,0.15888714790344238
9,0.2,1,1600,4,21.03206491470337,0.011906593166490382,0.018190091475844383,366,39.98089098930359,1504.38671875,0.0009113570789442147,0.03329118341207504,310,53.70768928527832,19373.5234375,0.0342792518259402,0.08812715142500809,0.12531018257141113
10,0.2,2,1600,0,18.721694231033325,0.011725571774338892,0.017655879259109497,394,39.98877501487732,1504.38671875,0.00312110863305085,0.026408929377794266,296,53.874857664108276,19373.5234375,0.02713103493476246,0.06084508547153361,0.13518071174621582
11,0.2,2,1600,1,17.4185528755188,0.013965726684237494,0.02054860256612301,356,40.74734354019165,1504.38671875,0.005002389648975529,0.0297322329133749,394,55.32338762283325,19373.5234375,0.028169826166674402,0.06297380652606953,0.15388989448547363
12,0.2,2,1600,2,21.242260217666626,0.011523201015449794,0.018253089860081673,396,40.475340843200684,1504.38671875,0.012069265171076855,0.02784661389887333,396,54.308523654937744,19373.5234375,0.02738283949530313,0.06274306101515438,0.1394665241241455
13,0.2,2,1600,3,21.869906187057495,0.012449588456663878,0.020343035459518433,398,40.919841051101685,1504.38671875,0.0017664704177645736,0.02856488525867462,340,54.587085485458374,19373.5234375,0.027709917450704304,0.06370778869891536,0.11809611320495605
14,0.2,2,1600,4,18.70870542526245,0.00958640698678857,0.015154600143432617,376,40.29935932159424,1504.38671875,0.0009075666623444815,0.029512234032154083,387,54.03336429595947,19373.5234375,0.028431004841326116,0.06587678830923269,0.13918399810791016
15,0.2,3,1600,0,17.678348302841187,0.011325910690344063,0.016364028677344322,386,41.022852420806885,1504.38671875,0.0028320721457911146,0.02732071280479431,309,54.10499620437622,19373.5234375,0.026802186813990526,0.06121246769024005,0.13425493240356445
16,0.2,3,1600,1,18.455486297607422,0.010332197457458118,0.01543981209397316,398,39.00603365898132,1504.38671875,0.00252775529058187,0.027806174010038376,333,53.64399313926697,19373.5234375,0.027509212933688357,0.061339439648717305,0.14103913307189941
17,0.2,3,1600,2,18.966607809066772,0.010090858875691194,0.015576795674860477,392,40.75100803375244,1504.38671875,0.0036152710183074118,0.02750510349869728,384,53.97241139411926,19373.5234375,0.02691136781381672,0.061177383953968545,0.13448572158813477
18,0.2,3,1600,3,16.47270154953003,0.010322510136947089,0.01587544195353985,380,41.44043803215027,1504.38671875,0.003187194589281598,0.02773197554051876,297,54.819334745407104,19373.5234375,0.027132911067437135,0.06154269531717362,0.17493343353271484
19,0.2,3,1600,4,20.703874349594116,0.009529482670148932,0.01520710438489914,376,39.58729338645935,1504.38671875,0.0009120174840726877,0.028681239113211632,297,54.972604513168335,19373.5234375,0.02739911114274542,0.06196713317138051,0.13399481773376465
20,0.2,4,1600,0,20.81288766860962,0.018150099442686758,0.025560302659869194,355,40.77453136444092,1504.38671875,0.012302720963643026,0.02980979159474373,33,54.99757933616638,19373.5234375,0.03785033805819167,0.08339222172292747,0.128936767578125
21,0.2,4,1600,1,20.18126392364502,0.01853867412266978,0.026492511853575706,376,40.97960066795349,1504.38671875,0.00122678975780369,0.03029947727918625,362,54.35508465766907,19373.5234375,0.03590080555493919,0.08152272912914077,0.13261914253234863
22,0.2,4,1600,2,19.910270929336548,0.01807533139629678,0.024655358865857124,349,40.09220743179321,1504.38671875,0.005924781821008491,0.031221626326441765,350,54.16733360290527,19373.5234375,0.03724170570081807,0.08363986805384667,0.1339278221130371
23,0.2,4,1600,3,23.279317378997803,0.018670845116133695,0.026731284335255623,392,40.31956458091736,1504.38671875,0.01205246378152922,0.03038501739501953,32,54.38708162307739,19373.5234375,0.035854105360395426,0.08280404753876094,0.13187265396118164
24,0.2,4,1600,4,25.15302538871765,0.017968177055953504,0.0250687338411808,370,39.443897008895874,1504.38671875,0.009780486082082904,0.030174780637025833,26,55.04892349243164,19373.5234375,0.036548203430659745,0.08005415303500192,0.15316081047058105
25,0.2,5,1600,0,18.67011022567749,0.00646019385560442,0.009596058167517185,397,41.065804958343506,1504.38671875,0.0004911940600015928,0.023107439279556274,396,53.27635455131531,19373.5234375,0.020079146122611174,0.04672000699038775,0.13799786567687988
26,0.2,5,1600,1,21.141807794570923,0.006229708522758132,0.009627491235733032,377,41.392919063568115,1504.38671875,0.0025347592611750422,0.021614989265799522,352,54.879844665527344,19373.5234375,0.01975429998038435,0.04739077602769759,0.13867902755737305
27,0.2,5,1600,2,21.5545871257782,0.006477470860885248,0.009651340544223785,388,40.74446153640747,1504.38671875,0.0028529800976266335,0.022567512467503548,339,54.08711051940918,19373.5234375,0.020361357651954987,0.04653802002001109,0.14130544662475586
28,0.2,5,1600,3,14.824673175811768,0.005092019901013266,0.00775447441264987,382,39.88179039955139,1504.38671875,0.0018395749095390444,0.02365250512957573,393,53.57091784477234,19373.5234375,0.020609139148686752,0.047689814045448344,0.11952400207519531
29,0.2,5,1600,4,21.356325149536133,0.005696133436242697,0.009360067546367645,397,40.1320219039917,1504.38671875,0.0015215766749228433,0.02189597487449646,386,53.892122983932495,19373.5234375,0.02013457071424112,0.04751587960558195,0.11978960037231445
30,0.2,6,1600,0,22.44545865058899,0.007904536789963817,0.010444327257573605,360,40.54571318626404,1504.38671875,0.0010902481313115676,0.013724392279982567,366,56.292370557785034,19373.5234375,0.03118631377885314,0.0720057995225304,0.11917972564697266
31,0.2,6,1600,1,22.001480102539062,0.007645495956863897,0.01074289157986641,377,39.87756323814392,1504.38671875,0.0019136551738445555,0.01298748143017292,344,55.51244640350342,19373.5234375,0.032047888799813656,0.07003782614491195,0.10236096382141113
32,0.2,6,1600,2,16.34026265144348,0.007349723377986782,0.009939447045326233,364,37.42420053482056,1504.38671875,0.0016610825369634005,0.012698393315076828,398,55.570570945739746,19373.5234375,0.03143463426719051,0.07016208383273637,0.10682225227355957
33,0.2,6,1600,3,18.834312200546265,0.007317878802861423,0.010202191770076752,396,38.63904881477356,1504.38671875,0.0008644171742278837,0.01276292372494936,377,52.644042015075684,19373.5234375,0.030580557852166936,0.06921042097579068,0.09854745864868164
34,0.2,6,1600,4,14.342505693435669,0.0072762056868309975,0.010643214918673038,373,38.40548133850098,1504.38671875,0.001218082876552289,0.013048090972006321,391,53.004372119903564,19373.5234375,0.031969950000794084,0.07036895223604457,0.13159418106079102
35,0.2,7,1600,0,14.472377300262451,0.005901586301142002,0.00877660047262907,372,39.17957878112793,1504.38671875,0.0017420231254010549,0.01152104139328003,394,53.21263384819031,19373.5234375,0.018830038026082817,0.045553419802544654,0.09618353843688965
36,0.2,7,1600,1,11.639753818511963,0.005694540023624048,0.009178600274026394,387,36.71822118759155,1504.38671875,0.0010416646944952817,0.011685333214700222,368,53.261815547943115,19373.5234375,0.019057195036345058,0.044953431926021636,0.12609601020812988
37,0.2,7,1600,2,11.195928573608398,0.0054021222600447545,0.008082623593509197,386,37.40341663360596,1504.38671875,0.0020752492607241063,0.011593645438551903,396,52.41570019721985,19373.5234375,0.019099420111283537,0.04402363206046198,0.09981656074523926
38,0.2,7,1600,3,14.54323697090149,0.005627804728355512,0.008346139453351498,376,39.37500715255737,1504.38671875,0.0038370461919315572,0.012114372104406357,351,53.6260404586792,19373.5234375,0.019999528239303746,0.04652810618990173,0.11949563026428223
39,0.2,7,1600,4,15.36233115196228,0.005924904275287084,0.009290272369980812,391,39.28325366973877,1504.38671875,0.0021556008703811063,0.01139281690120697,93,54.0653715133667,19373.5234375,0.01889714063567129,0.044694061711409765,0.09513211250305176
40,0.2,8,1600,0,30.525814533233643,0.012590400793294704,0.017276179045438766,387,39.06004786491394,1504.38671875,0.005908397641281583,0.02383360080420971,292,53.38111901283264,19373.5234375,0.021939964847293738,0.05297411293229981,0.12689781188964844
41,0.2,8,1600,1,22.759089946746826,0.011200172913703463,0.015850752592086792,341,38.878814935684204,1504.38671875,0.0028588989519156135,0.02458849549293518,382,51.80225729942322,19373.5234375,0.023434238710811062,0.05210853372246768,0.14677643775939941
42,0.2,8,1600,2,18.813762426376343,0.012390145281266538,0.016988426446914673,388,38.919053077697754,1504.38671875,0.0026031393572437125,0.023781318217515945,262,52.46760702133179,19373.5234375,0.023465099204703067,0.052408142625715665,0.10015487670898438
43,0.2,8,1600,3,20.298331022262573,0.011461924191862665,0.016496188938617706,342,39.07931709289551,1504.38671875,0.006481384571022697,0.02459438517689705,373,53.24820399284363,19373.5234375,0.02293741295546087,0.05263170111391471,0.10146427154541016
44,0.2,8,1600,4,14.575141906738281,0.01137089047198052,0.01591624692082405,391,39.93975901603699,1504.38671875,0.004513335269915152,0.024245647713541985,367,53.46802258491516,19373.5234375,0.022432614463879213,0.053173694044595717,0.10895156860351562
45,0.2,9,1600,0,15.74772572517395,0.010781444871491292,0.015339989215135574,394,37.76465845108032,1504.38671875,0.0024683411399046154,0.0190892294049263,310,49.85539674758911,19373.5234375,0.021987110847941912,0.047874225361110266,0.11725306510925293
46,0.2,9,1600,1,17.117148399353027,0.014793745710198553,0.017370114102959633,167,38.42641305923462,1504.38671875,0.0024127796020133032,0.018729103729128838,224,52.078508138656616,19373.5234375,0.022318845385219777,0.049220786659124376,0.09185576438903809
47,0.2,9,1600,2,14.764706373214722,0.010908556748947591,0.01502064149826765,301,37.52655029296875,1504.38671875,0.0017533662884683776,0.018673010170459747,336,51.362228870391846,19373.5234375,0.022518890786612067,0.05014758555149751,0.12134695053100586
48,0.2,9,1600,3,16.935175895690918,0.011367564902521932,0.014573964290320873,263,38.58881902694702,1504.38671875,0.004606542878817707,0.01857827976346016,57,51.99078559875488,19373.5234375,0.02233394188547536,0.04863344281155251,0.14934372901916504
49,0.2,9,1600,4,15.158466577529907,0.01113098651416741,0.015036026947200298,240,38.13522982597351,1504.38671875,0.0014645580943020487,0.018707556650042534,397,53.554320335388184,19373.5234375,0.02361831941171606,0.05024365009907547,0.13681650161743164
50,0.15,0,1200,0,11.95365309715271,0.013693308519181418,0.018075402826070786,173,29.11556100845337,1504.38671875,0.010480658169973034,0.020368201658129692,21,43.22378754615784,19373.5234375,0.02116510149439921,0.044733525056329715,0.09226036071777344
51,0.15,0,1200,1,13.746794700622559,0.013057287599860369,0.01800720766186714,328,29.77137041091919,1504.38671875,0.012921280200717795,0.01937173493206501,25,42.71270418167114,19373.5234375,0.021438894475869094,0.045687926286024305,0.0898139476776123
52,0.15,0,1200,2,15.058250188827515,0.013950430921073606,0.018449684605002403,194,28.863569974899292,1504.38671875,0.015119534589979505,0.020227037370204926,14,43.44676327705383,19373.5234375,0.020481350699069523,0.04641951122759771,0.11247515678405762
53,0.15,0,1200,3,14.329627513885498,0.013746767609277632,0.018064485862851143,253,28.021035194396973,1504.38671875,0.013697887068444603,0.019844990223646164,22,44.9198100566864,19373.5234375,0.020991072393643475,0.047075945457642064,0.11161160469055176
54,0.15,0,1200,4,13.459457397460938,0.01383541901817519,0.018172001466155052,157,30.526154041290283,1504.38671875,0.011489839554915175,0.020186597481369972,24,43.56347918510437,19373.5234375,0.02106261583745879,0.048844779989892,0.09166455268859863
55,0.15,1,1200,0,13.455639362335205,0.01225594912932156,0.01925724744796753,394,28.797343254089355,1504.38671875,0.000860909348206114,0.03536372259259224,398,43.893338680267334,19373.5234375,0.03612582539384189,0.09036819948883172,0.0949089527130127
56,0.15,1,1200,1,15.270890712738037,0.015593818349660064,0.02352636493742466,359,29.46790862083435,1504.38671875,0.002753696704817422,0.036215513944625854,352,45.28449535369873,19373.5234375,0.0362446427411304,0.08851843230547758,0.09887957572937012
57,0.15,1,1200,2,15.586129665374756,0.014002351279914704,0.022291382774710655,393,29.642486095428467,1504.38671875,0.0024214212241784818,0.0361211784183979,361,42.93765997886658,19373.5234375,0.0362185597313091,0.0886114066051347,0.10059261322021484
58,0.15,1,1200,3,14.84419059753418,0.012084160986545151,0.019553983584046364,378,29.330453634262085,1504.38671875,0.0038375553789532185,0.03756266459822655,279,43.86163067817688,19373.5234375,0.037349914111385614,0.09138549376440261,0.1017313003540039
59,0.15,1,1200,4,16.471155405044556,0.012019900752312532,0.0185847207903862,376,30.723344087600708,1504.38671875,0.0018768305627110103,0.03423741087317467,241,42.565932273864746,19373.5234375,0.03561343127168277,0.08919151550120227,0.0992271900177002
60,0.15,2,1200,0,13.689408779144287,0.010761435064868931,0.01927262544631958,389,30.14758276939392,1504.38671875,0.002312485850097248,0.03335431218147278,360,42.4988214969635,19373.5234375,0.02924026541146848,0.06627357775103042,0.08138442039489746
61,0.15,2,1200,1,12.145377397537231,0.011372911988752716,0.01827789656817913,378,30.067440271377563,1504.38671875,0.0019705606968795195,0.03599018603563309,357,43.88884472846985,19373.5234375,0.029697633055576315,0.067853567314088,0.10193204879760742
62,0.15,2,1200,2,13.068803071975708,0.011506319040369244,0.01982853002846241,395,30.53039026260376,1504.38671875,0.0013806148403332648,0.03232917562127113,388,43.828229904174805,19373.5234375,0.02920099704399612,0.06601309570288542,0.10112476348876953
63,0.15,2,1200,3,13.82721495628357,0.013706631199787113,0.021159840747714043,376,29.37068200111389,1504.38671875,0.004561911700657046,0.03382706642150879,358,43.888110637664795,19373.5234375,0.029465706278356825,0.06592174950379517,0.07901167869567871
64,0.15,2,1200,4,18.543968439102173,0.013695214337373071,0.018763812258839607,398,29.26451301574707,1504.38671875,0.004455828520883871,0.035168930888175964,387,43.510884523391724,19373.5234375,0.02843926486496791,0.06473787842644985,0.10874319076538086
65,0.15,3,1200,0,12.605913162231445,0.010029800694550435,0.015752797946333885,371,30.23902153968811,1504.38671875,0.01073337620037372,0.03347742557525635,398,44.02303600311279,19373.5234375,0.028532998774203257,0.06425943278444644,0.1002960205078125
66,0.15,3,1200,1,14.496866226196289,0.011910885626309148,0.019097601994872093,377,30.21617555618286,1504.38671875,0.002770757507214745,0.03481552377343178,332,44.23858952522278,19373.5234375,0.028473672222725007,0.06411514990531994,0.1017754077911377
67,0.15,3,1200,2,14.234556913375854,0.009723214223027663,0.017360908910632133,388,29.746415853500366,1504.38671875,0.0049145494648295965,0.033111944794654846,397,45.09549164772034,19373.5234375,0.029146530414992346,0.0646997553007291,0.10197210311889648
68,0.15,3,1200,3,15.830218076705933,0.012132805933621984,0.018799571320414543,392,30.031633615493774,1504.38671875,0.00046266678777264955,0.03335176035761833,364,45.28888010978699,19373.5234375,0.029533836121461838,0.06509510365032219,0.09746432304382324
69,0.15,3,1200,4,13.807910203933716,0.011088770412183717,0.01718750037252903,399,29.381269454956055,1504.38671875,0.0014708939013150896,0.0339372456073761,362,44.94208312034607,19373.5234375,0.028135493071181232,0.06255612404782054,0.09914660453796387
70,0.15,4,1200,0,20.454731464385986,0.018735592900802484,0.026792827993631363,281,29.191383838653564,1504.38671875,0.003519791228968126,0.03246946632862091,377,52.873497009277344,19373.5234375,0.039302326807336564,0.08537324622805509,0.07796335220336914
71,0.15,4,1200,1,15.177696704864502,0.01849423706377593,0.02962319739162922,398,29.182992696762085,1504.38671875,0.004217911775028029,0.031470607966184616,81,56.87458372116089,19373.5234375,0.038570409280282,0.08840917857016432,0.09837079048156738
72,0.15,4,1200,2,14.779266834259033,0.01844038691670019,0.028409862890839577,333,29.697279691696167,1504.38671875,0.01469136012759094,0.031239917501807213,26,59.91364526748657,19373.5234375,0.04111852520932735,0.08820408687570176,0.1076352596282959
73,0.15,4,1200,3,12.183234453201294,0.019417691851596246,0.027888651937246323,337,29.749054193496704,1504.38671875,0.002000977867946155,0.032150864601135254,391,63.07771110534668,19373.5234375,0.03711737475335098,0.08223626133310066,0.10104489326477051
74,0.15,4,1200,4,18.32127809524536,0.01846300436814791,0.02666669338941574,330,29.869151830673218,1504.38671875,0.0041328471417818105,0.03282211348414421,386,45.44588565826416,19373.5234375,0.03848371755533282,0.08766763828143476,0.09742069244384766
75,0.15,5,1200,0,13.523455381393433,0.007312688065539581,0.01242620125412941,395,29.92011594772339,1504.38671875,0.0022224269033492843,0.025498587638139725,389,56.1590793132782,19373.5234375,0.020596539638286126,0.047775131610186455,0.1059424877166748
76,0.15,5,1200,1,14.630089521408081,0.007006140273760711,0.011616830714046955,397,29.775079011917114,1504.38671875,0.006141004284701827,0.025956938043236732,388,59.80493092536926,19373.5234375,0.021054460573040785,0.049018418726536866,0.10685276985168457
77,0.15,5,1200,2,17.180042028427124,0.0063732439156347865,0.010731998831033707,398,38.918455600738525,1504.38671875,0.005330561140542671,0.026863235980272293,395,62.1845428943634,19373.5234375,0.021414494473980583,0.04993574279681751,0.08690571784973145
78,0.15,5,1200,3,14.112115621566772,0.006738618805933092,0.01259942352771759,391,29.549310445785522,1504.38671875,0.003474342841833112,0.027299299836158752,362,60.90423536300659,19373.5234375,0.021688542240028523,0.049296925636897485,0.11176586151123047
79,0.15,5,1200,4,15.58550500869751,0.007038600552595563,0.012199658900499344,398,30.63634967803955,1504.38671875,0.0013856768112695394,0.026675401255488396,362,48.09093904495239,19373.5234375,0.020666617961376987,0.04832713863524456,0.10725784301757812
80,0.15,6,1200,0,14.337223291397095,0.00786213303994437,0.011673982255160809,399,29.8800265789032,1504.38671875,0.0009626986134171552,0.013893653638660908,358,56.953019857406616,19373.5234375,0.033121744270791814,0.07037947345469626,0.08943605422973633
81,0.15,6,1200,1,13.734580755233765,0.008031370804264963,0.011567655950784683,350,30.066423654556274,1504.38671875,0.0016238331602402723,0.013667341321706772,385,59.29403281211853,19373.5234375,0.03260875308873882,0.07420886005108966,0.0722043514251709
82,0.15,6,1200,2,17.644121408462524,0.007402228972261252,0.011009326204657555,348,29.697568893432617,1504.38671875,0.001258003428297607,0.014608819968998432,298,66.51702547073364,19373.5234375,0.03296170907270541,0.07277518053923615,0.09292173385620117
83,0.15,6,1200,3,16.24401879310608,0.007172856742700771,0.011754062958061695,381,29.6844584941864,1504.38671875,0.000936537544010445,0.014714277349412441,387,63.687047481536865,19373.5234375,0.03351219934667623,0.07119428438433176,0.09149765968322754
84,0.15,6,1200,4,21.33843755722046,0.0069747169925821655,0.011061019264161587,390,28.51662516593933,1504.38671875,0.0011515458648874012,0.013214330188930035,379,68.44043445587158,19373.5234375,0.03235673567301605,0.07324503931269438,0.08170390129089355
85,0.15,7,1200,0,36.74141240119934,0.005595525056881212,0.010563933290541172,394,29.29319190979004,1504.38671875,0.0016553948043454122,0.01293487474322319,257,68.97866559028625,19373.5234375,0.021213103286037472,0.04564094831609494,0.06909298896789551
86,0.15,7,1200,1,41.91939830780029,0.005419681848516506,0.00926930457353592,363,30.31615400314331,1504.38671875,0.0022284159533873414,0.013012419454753399,368,70.01886224746704,19373.5234375,0.021317283451195084,0.04565219237230861,0.10890865325927734
87,0.15,7,1200,2,44.09746837615967,0.005777409905702435,0.00976005382835865,387,36.22119998931885,1504.38671875,0.0029825978668133837,0.012765960767865181,371,71.41049671173096,19373.5234375,0.019342628459151957,0.0447012885833935,0.0904242992401123
88,0.15,7,1200,3,14.623185157775879,0.005619445118210714,0.0089950542896986,393,34.47073769569397,1504.38671875,0.001723514791484359,0.012655016966164112,376,75.15209627151489,19373.5234375,0.02216933989376376,0.0478073154885518,0.08877277374267578
89,0.15,7,1200,4,15.304600477218628,0.00524364018580336,0.010348022915422916,389,41.47691297531128,1504.38671875,0.0030646761822253547,0.012869053520262241,77,54.8056640625,19373.5234375,0.02040647503344112,0.0453492573218842,0.09057831764221191
90,0.15,8,1200,0,81.24336361885071,0.012036002246593078,0.016546325758099556,305,32.42120957374573,1504.38671875,0.005030849778487234,0.026600239798426628,252,68.90811848640442,19373.5234375,0.023323015745829706,0.05390502266307788,0.08433747291564941
91,0.15,8,1200,1,12.254094123840332,0.012002929485765139,0.01787089928984642,392,30.29846215248108,1504.38671875,0.0032505292821395867,0.02731780707836151,250,58.33384084701538,19373.5234375,0.02325894323039302,0.05307390498488094,0.11340856552124023
92,0.15,8,1200,2,15.127398252487183,0.011397490344715619,0.01638622023165226,262,30.300251483917236,1504.38671875,0.003335918849943232,0.026452742516994476,271,56.41964030265808,19373.5234375,0.023531860183153452,0.0539856302295927,0.09425044059753418
93,0.15,8,1200,3,11.55764102935791,0.01137604470676102,0.017662057653069496,392,29.656822204589844,1504.38671875,0.0022676305959904958,0.02698430046439171,395,48.24578237533569,19373.5234375,0.02334280791201403,0.05489258144659523,0.09508967399597168
94,0.15,8,1200,4,14.851014137268066,0.011372185108004505,0.01766251213848591,392,30.13330841064453,1504.38671875,0.002141900867264658,0.02599124237895012,170,48.20233464241028,19373.5234375,0.023945601326783306,0.05334443168456465,0.09700489044189453
95,0.15,9,1200,0,13.68808913230896,0.010571669490312406,0.01590329222381115,295,29.829505681991577,1504.38671875,0.007563495332377992,0.01958470791578293,27,42.944265842437744,19373.5234375,0.022707874097212387,0.051534134311232806,0.09156465530395508
96,0.15,9,1200,1,21.72348713874817,0.010560125075225394,0.015008491463959217,236,31.348602056503296,1504.38671875,0.008488656685490576,0.019669262692332268,24,42.193225145339966,19373.5234375,0.023192890768919037,0.05242613160753396,0.09059953689575195
97,0.15,9,1200,2,17.685240030288696,0.011306678472919832,0.016062790527939796,391,29.8485324382782,1504.38671875,0.006574745284970488,0.020223325118422508,32,41.896161794662476,19373.5234375,0.024832004431426836,0.05254661974336627,0.07415461540222168
98,0.15,9,1200,3,34.070929765701294,0.011452412591718107,0.015065735206007957,268,29.751230239868164,1504.38671875,0.005535580078611504,0.01936124637722969,51,47.94040083885193,19373.5234375,0.023708454031145965,0.054394789289468455,0.08917760848999023
99,0.15,9,1200,4,14.170667171478271,0.0104414035814375,0.015333633869886398,341,29.647087812423706,1504.38671875,0.003054719464421545,0.019038882106542587,196,55.373570680618286,19373.5234375,0.023478667197022164,0.052252126973223595,0.1118321418762207
100,0.1,0,800,0,43.448734521865845,0.013436636127486997,0.018646668642759323,238,21.299676418304443,1504.38671875,0.013849519077840888,0.020006615668535233,24,35.532694578170776,19373.5234375,0.022718567696111653,0.04888141891701307,0.053621768951416016
101,0.1,0,800,1,32.10869336128235,0.01258933091122564,0.019103670492768288,296,21.996962785720825,1504.38671875,0.010568547813959508,0.020458966493606567,27,41.35674548149109,19373.5234375,0.023633016911583992,0.049952121984458205,0.06367301940917969
102,0.1,0,800,2,24.826260566711426,0.011572447826526165,0.019810272380709648,371,21.474116325378418,1504.38671875,0.011964587032373734,0.020651744678616524,25,41.80250954627991,19373.5234375,0.0234245986556716,0.049850917790549516,0.08278226852416992
103,0.1,0,800,3,9.379453420639038,0.012739728801037985,0.018765317276120186,260,21.44184684753418,1504.38671875,0.014119045230708673,0.020452536642551422,19,59.26070475578308,19373.5234375,0.02367248032073776,0.04858457892645969,0.06351661682128906
104,0.1,0,800,4,13.235270500183105,0.012976484886518121,0.01978764869272709,317,20.450724363327026,1504.38671875,0.013323234584026442,0.020631056278944016,20,35.02572226524353,19373.5234375,0.023489250580992417,0.050889822706689965,0.05212545394897461
105,0.1,1,800,0,15.990805625915527,0.011729220987108055,0.022841479629278183,398,21.244101524353027,1504.38671875,0.005247687071670332,0.042050447314977646,304,35.24693989753723,19373.5234375,0.038912814259835234,0.09257084305818118,0.052976369857788086
106,0.1,1,800,1,11.356445074081421,0.011263665809815315,0.023061813786625862,384,21.065025806427002,1504.38671875,0.0020719842204182403,0.041508834809064865,257,34.69843602180481,19373.5234375,0.037410691755246965,0.09026623753602021,0.07693672180175781
107,0.1,1,800,2,19.19812536239624,0.011257593071887556,0.022247252985835075,365,20.67154836654663,1504.38671875,0.008208483737722505,0.04200423136353493,367,34.676122426986694,19373.5234375,0.03584214165576193,0.09248048559443475,0.08499693870544434
108,0.1,1,800,3,12.925838708877563,0.011283473275858276,0.023098809644579887,385,20.021524667739868,1504.38671875,0.0024347715876067216,0.0419723242521286,301,35.67536640167236,19373.5234375,0.03738464354805456,0.09273305006620675,0.06817293167114258
109,0.1,1,800,4,14.509287595748901,0.011378764337608177,0.022150008007884026,377,21.04197859764099,1504.38671875,0.0027536583282290468,0.04188840463757515,347,36.349215030670166,19373.5234375,0.036944074800610315,0.09111965134919886,0.05420660972595215
110,0.1,2,800,0,12.758209466934204,0.010242299473259742,0.019937140867114067,392,22.214991092681885,1504.38671875,0.0032206400623175564,0.04134686291217804,387,35.46977114677429,19373.5234375,0.030840407576556577,0.06935302989808538,0.056672096252441406
111,0.1,2,800,1,14.725832462310791,0.013147161639930823,0.025547688826918602,394,21.212774515151978,1504.38671875,0.0027006690913576395,0.04322531446814537,398,36.749064683914185,19373.5234375,0.029276768287035605,0.06762901187704765,0.05953693389892578
112,0.1,2,800,2,14.023818969726562,0.01435316213491065,0.023666467517614365,396,22.31141471862793,1504.38671875,0.004333673625040634,0.040642790496349335,379,36.64486002922058,19373.5234375,0.030789710119884676,0.0686621781341838,0.07005882263183594
113,0.1,2,800,3,11.010441064834595,0.013166706832099457,0.02261335961520672,289,21.43626379966736,1504.38671875,0.001218167165939725,0.04427631199359894,306,37.42579245567322,19373.5234375,0.03148613180561787,0.0676520510169912,0.09211373329162598
114,0.1,2,800,4,11.793426752090454,0.010316857719093842,0.01997738517820835,377,21.94028067588806,1504.38671875,0.011274577677255647,0.042820099741220474,291,57.363887310028076,19373.5234375,0.02806977279318019,0.06566002257581474,0.08026504516601562
115,0.1,3,800,0,15.936144828796387,0.013409245906034161,0.024062717333436012,285,22.25058341026306,1504.38671875,0.0017764780965452615,0.04120325297117233,364,60.31913375854492,19373.5234375,0.02936281920404432,0.06845984906995788,0.07204580307006836
116,0.1,3,800,1,24.550921201705933,0.0159559923018161,0.025829868391156197,304,21.57978391647339,1504.38671875,0.0024525946436602547,0.045925404876470566,314,62.50662899017334,19373.5234375,0.029655147135813433,0.06724783732737509,0.09184670448303223
117,0.1,3,800,2,32.39048409461975,0.009096153195317721,0.01951637677848339,398,30.052521228790283,1504.38671875,0.0012854053726362267,0.04493633657693863,395,63.34663128852844,19373.5234375,0.028618314277022636,0.06612226773415258,0.07015681266784668
118,0.1,3,800,3,35.668665647506714,0.010100029949065498,0.01964174583554268,389,27.587814569473267,1504.38671875,0.003969191401413882,0.045164208859205246,380,67.23096919059753,19373.5234375,0.0302562573240773,0.0651608443715778,0.06604623794555664
119,0.1,3,800,4,16.124195337295532,0.011302966548451828,0.02245290018618107,398,21.793292999267578,1504.38671875,0.0077528839177996856,0.0458858348429203,337,68.00267958641052,19373.5234375,0.032071265039355014,0.06922127790183277,0.08240890502929688
120,0.1,4,800,0,15.256719827651978,0.0170174197698457,0.027563871815800667,340,20.01803231239319,1504.38671875,0.0035341530890279247,0.03491887077689171,338,70.58223390579224,19373.5234375,0.03934586859875512,0.08684242740545654,0.05138134956359863
121,0.1,4,800,1,11.783185720443726,0.042822777060144576,0.0481196790933609,66,22.792750597000122,1504.38671875,0.00422234731368165,0.03629413992166519,303,66.7243242263794,19373.5234375,0.041122933383253416,0.09179903591318732,0.05191326141357422
122,0.1,4,800,2,15.929679870605469,0.019992099317116218,0.02811613492667675,217,21.307130336761475,1504.38671875,0.0028682975355585846,0.03540843352675438,364,64.7704291343689,19373.5234375,0.04224945147202911,0.0941920973961242,0.07184267044067383
123,0.1,4,800,3,15.338848114013672,0.017748193770391513,0.029393872246146202,259,22.650344848632812,1504.38671875,0.004803836816733112,0.03487468883395195,390,67.65097999572754,19373.5234375,0.039840837755610925,0.08931216885337541,0.08444452285766602
124,0.1,4,800,4,14.634182453155518,0.01732095611220924,0.029745345935225487,367,19.862388372421265,1504.38671875,0.0066159999306473535,0.03457506746053696,84,69.14703106880188,19373.5234375,0.04259553063336548,0.09147366968970028,0.06810498237609863
125,0.1,5,800,0,9.89882230758667,0.005654706023384695,0.01110954862087965,395,21.539637327194214,1504.38671875,0.004671125122009304,0.03450227156281471,357,69.91897130012512,19373.5234375,0.02119113414007798,0.05080245631106713,0.07438158988952637
126,0.1,5,800,1,11.580745458602905,0.009158121567689767,0.016442304477095604,399,23.184455156326294,1504.38671875,0.005157363801815756,0.033734336495399475,367,73.85592317581177,19373.5234375,0.023770616000253233,0.05305049533734504,0.08973479270935059
127,0.1,5,800,2,13.389400959014893,0.005486286541375258,0.012074222788214684,388,21.90994882583618,1504.38671875,0.009427439151076439,0.031187629327178,326,78.24157404899597,19373.5234375,0.020308627605498984,0.050491748635376706,0.055777788162231445
128,0.1,5,800,3,11.71092414855957,0.01021949838268095,0.019060704857110977,397,22.583171606063843,1504.38671875,0.0004997753107956491,0.03007446974515915,376,36.92121887207031,19373.5234375,0.02268122062638268,0.05381060871939256,0.0769798755645752
129,0.1,5,800,4,11.690099716186523,0.01359974594210728,0.023527901619672775,378,22.053893566131592,1504.38671875,0.006360073151858142,0.03259582817554474,365,35.22299838066101,19373.5234375,0.022448779493641657,0.051571082081481215,0.07587194442749023
130,0.1,6,800,0,15.727553844451904,0.006551323620028298,0.012149425223469734,392,31.323355197906494,1504.38671875,0.0009379265570936144,0.015838759019970894,396,35.029134035110474,19373.5234375,0.035002768236358686,0.07886198029559836,0.06682896614074707
131,0.1,6,800,1,13.191173315048218,0.007606181978819852,0.012712301686406136,398,22.184593200683594,1504.38671875,0.0022610744075954037,0.017101245000958443,368,70.40198945999146,19373.5234375,0.03443076749795484,0.08232778357741329,0.04895591735839844
132,0.1,6,800,2,16.059150218963623,0.007919793944785564,0.014910881407558918,381,21.429356813430786,1504.38671875,0.0015269741289278107,0.01686307229101658,348,75.98891973495483,19373.5234375,0.0345576544637783,0.08082655094863053,0.06377077102661133
133,0.1,6,800,3,13.022454977035522,0.006960084736174352,0.011808788403868675,360,34.99012780189514,1504.38671875,0.0010517379723759557,0.01609407365322113,372,43.435707569122314,19373.5234375,0.033803237609308735,0.07949980180264286,0.0711660385131836
134,0.1,6,800,4,13.209936380386353,0.006718116931143963,0.012730635702610016,399,22.87698006629944,1504.38671875,0.007048654286909101,0.015948768705129623,398,38.76268172264099,19373.5234375,0.03508418420409166,0.07934136825905308,0.07441329956054688
135,0.1,7,800,0,11.161346912384033,0.0053101015377530585,0.011635787785053253,387,23.06172513961792,1504.38671875,0.002980481738765176,0.013782492838799953,173,70.44061636924744,19373.5234375,0.02097160884921953,0.04887771261606983,0.06424951553344727
136,0.1,7,800,1,11.940491437911987,0.005657043667659612,0.01143339741975069,386,22.565407276153564,1504.38671875,0.0013359359300918906,0.013930407352745533,114,76.50991463661194,19373.5234375,0.023797284838566028,0.050016572996857245,0.06263351440429688
137,0.1,7,800,2,13.461598873138428,0.004843250233395843,0.01166830025613308,370,21.675570011138916,1504.38671875,0.002268681864195375,0.015590695664286613,311,56.40360379219055,19373.5234375,0.02201201706422897,0.05048014969591937,0.0636749267578125
138,0.1,7,800,3,12.215938568115234,0.004862087923218242,0.012037836946547031,392,21.016016006469727,1504.38671875,0.0025975524554623683,0.014639180153608322,151,45.13723921775818,19373.5234375,0.020977150704843423,0.0476469076468367,0.08285355567932129
139,0.1,7,800,4,12.626808643341064,0.004943019366321731,0.011196967214345932,395,22.577250480651855,1504.38671875,0.0016268966931661608,0.0143649373203516,148,71.45191621780396,19373.5234375,0.02038881102767584,0.04834867540109832,0.08426117897033691
140,0.1,8,800,0,11.853618860244751,0.010569702201324499,0.018302464857697487,364,22.23678684234619,1504.38671875,0.004094605209510028,0.02779722586274147,178,77.07009077072144,19373.5234375,0.024309674618474886,0.057868077583824874,0.06560802459716797
141,0.1,8,800,1,13.003463983535767,0.011394262506898031,0.018793797120451927,394,20.798133850097656,1504.38671875,0.0035711722623089728,0.027897344902157784,154,44.707480669021606,19373.5234375,0.024369804349430074,0.05889385964701083,0.08566451072692871
142,0.1,8,800,2,12.939647436141968,0.013576039071354427,0.020744530484080315,218,21.82275652885437,1504.38671875,0.008142838137551671,0.027302762493491173,227,36.02333092689514,19373.5234375,0.023850314449417077,0.056675509728758657,0.06676077842712402
143,0.1,8,800,3,14.38441014289856,0.012937445416644888,0.020609531551599503,344,22.20252251625061,1504.38671875,0.004730122882396876,0.028061656281352043,323,34.38951921463013,19373.5234375,0.02458721232603437,0.05716124756404173,0.08552241325378418
144,0.1,8,800,4,12.74683427810669,0.011709349650331461,0.019392287358641624,370,22.076239824295044,1504.38671875,0.006140699899536101,0.027628617361187935,308,34.773481607437134,19373.5234375,0.023897147146326805,0.05864127690718475,0.05454373359680176
145,0.1,9,800,0,14.563982725143433,0.00971369450500057,0.017167892307043076,351,21.147165298461914,1504.38671875,0.0026773309807442075,0.020784130319952965,315,34.50692009925842,19373.5234375,0.026002675911083375,0.05687926851265577,0.06483197212219238
146,0.1,9,800,1,12.465669631958008,0.012252183391868888,0.018717732280492783,274,21.68228030204773,1504.38671875,0.008597673597430813,0.019650600850582123,36,35.893336057662964,19373.5234375,0.025986072375756463,0.05531048070381582,0.06331825256347656
147,0.1,9,800,2,12.586184024810791,0.009391309943961425,0.017193946987390518,310,22.608567237854004,1504.38671875,0.003483646583536547,0.0201267022639513,381,36.560452699661255,19373.5234375,0.026860372631777464,0.055218380059424775,0.06267547607421875
148,0.1,9,800,3,12.761096477508545,0.009122584674919184,0.016285056248307228,342,22.887197971343994,1504.38671875,0.002211744455855,0.020729633048176765,336,35.64796495437622,19373.5234375,0.02649579500958083,0.05507526527087808,0.06293630599975586
149,0.1,9,800,4,13.387486457824707,0.008455138485058819,0.014269964769482613,353,20.8504159450531,1504.38671875,0.0009234259592088811,0.020971138030290604,358,36.43834662437439,19373.5234375,0.025809396194379754,0.05654208593776377,0.06651806831359863
150,0.075,0,600,0,12.790732860565186,0.011944686000442246,0.020421061664819717,388,18.428831100463867,1504.38671875,0.009647849552981036,0.021396523341536522,40,33.785327196121216,19373.5234375,0.02222545681485113,0.05154586945685244,0.050183773040771484
151,0.075,0,600,1,12.994511365890503,0.01218812572838402,0.020459290593862534,311,17.033568620681763,1504.38671875,0.011699501822986963,0.02124939113855362,31,35.80808210372925,19373.5234375,0.024827981728507798,0.05438239647548643,0.05293560028076172
152,0.075,0,600,2,11.77784538269043,0.013760920523451342,0.020689208060503006,192,16.77407145500183,1504.38671875,0.010935697480256443,0.02077643573284149,35,33.87660574913025,19373.5234375,0.02552470668041948,0.052995837941747594,0.06122231483459473
153,0.075,0,600,3,13.812865018844604,0.012990098223058489,0.019974887371063232,276,18.000813245773315,1504.38671875,0.011710264317989036,0.02121671289205551,28,33.230860471725464,19373.5234375,0.023303305066067106,0.05122614200237971,0.06666994094848633
154,0.075,0,600,4,11.992826461791992,0.011822639413783562,0.020984992384910583,320,15.594276428222656,1504.38671875,0.012041115619005746,0.020871847867965698,34,32.90993857383728,19373.5234375,0.023127360945235962,0.05208504535438572,0.05146145820617676
155,0.075,1,600,0,13.836194276809692,0.012076299536975353,0.02690848521888256,360,16.183396339416504,1504.38671875,0.003129173372433762,0.04600392282009125,227,33.66818833351135,19373.5234375,0.03472603682356425,0.09418987102998701,0.05414414405822754
156,0.075,1,600,1,14.588992357254028,0.013121249636241467,0.025493517518043518,375,18.578933477401733,1504.38671875,0.008480156177154084,0.046575773507356644,308,33.85364747047424,19373.5234375,0.03694119333261547,0.09614217048409228,0.05386233329772949
157,0.075,1,600,2,11.43008828163147,0.011865928933869448,0.026294918730854988,397,15.87552261352539,1504.38671875,0.003540139427692478,0.044737108051776886,337,33.84649085998535,19373.5234375,0.03684319608100342,0.09703187131835594,0.041681528091430664
158,0.075,1,600,3,12.981498003005981,0.010810442153847626,0.028644874691963196,397,17.774538278579712,1504.38671875,0.016099315237673825,0.04515930265188217,29,33.88771939277649,19373.5234375,0.03976311447297077,0.09472203087786489,0.056157588958740234
159,0.075,1,600,4,10.887225866317749,0.011482029577836918,0.026446333155035973,397,17.156031370162964,1504.38671875,0.0045308328999467,0.046577196568250656,342,33.69599890708923,19373.5234375,0.03746731959802816,0.09342991480891086,0.07320022583007812
160,0.075,2,600,0,13.264772415161133,0.015036866499049745,0.030957365408539772,291,17.55269765853882,1504.38671875,0.0031192820148822093,0.054465632885694504,376,33.75354623794556,19373.5234375,0.03086976656999493,0.07187766139070709,0.05658888816833496
161,0.075,2,600,1,13.174692153930664,0.012978127992209185,0.02798363007605076,390,17.414340019226074,1504.38671875,0.0038021297273450752,0.05386471748352051,336,33.656046628952026,19373.5234375,0.030989510990789684,0.07699620562356616,0.05794882774353027
162,0.075,2,600,2,14.571170091629028,0.014495684770835689,0.026115939021110535,392,16.619704246520996,1504.38671875,0.007611670019480254,0.050789982080459595,384,34.154932260513306,19373.5234375,0.030771204170547344,0.07164585684577751,0.04840445518493652
163,0.075,2,600,3,12.162457466125488,0.01412286772259054,0.027896698564291,360,17.583195686340332,1504.38671875,0.011020295827699261,0.0532446950674057,323,34.08582806587219,19373.5234375,0.02871655084963866,0.0701583956127627,0.0557248592376709
164,0.075,2,600,4,14.022658586502075,0.030066174398351492,0.04124064743518829,109,17.749029397964478,1504.38671875,0.0030893907697633594,0.04958806931972504,357,35.5132315158844,19373.5234375,0.028975704326550764,0.07136895714998885,0.05640077590942383
165,0.075,3,600,0,15.472769498825073,0.010248749778705919,0.024101151153445244,397,17.455592155456543,1504.38671875,0.0020398986972842495,0.05340331420302391,397,36.61106538772583,19373.5234375,0.029225159317877676,0.0677537252213923,0.045870304107666016
166,0.075,3,600,1,16.525158166885376,0.01368969769080226,0.028992488980293274,361,15.435402154922485,1504.38671875,0.0010840853920708838,0.05090555548667908,372,36.621129751205444,19373.5234375,0.029735451288043165,0.07409816710171627,0.05548453330993652
167,0.075,3,600,2,14.722388744354248,0.010670461697663626,0.0228204857558012,395,16.74886679649353,1504.38671875,0.005044370826358459,0.05265428125858307,350,36.01856327056885,19373.5234375,0.030752575557672086,0.069337166057622,0.04617452621459961
168,0.075,3,600,3,15.116548776626587,0.010553418907373508,0.023844946175813675,389,16.772634744644165,1504.38671875,0.007535435797286422,0.055150292813777924,300,35.72193145751953,19373.5234375,0.032014909522577496,0.07135641770790768,0.054584503173828125
169,0.075,3,600,4,15.092279195785522,0.013094278521636124,0.028466979041695595,348,16.93413996696472,1504.38671875,0.010843891349116959,0.056338150054216385,328,35.82977652549744,19373.5234375,0.030366211496449632,0.07038997736842928,0.07271289825439453
170,0.075,4,600,0,14.262582778930664,0.016828238357466326,0.03014877624809742,258,16.177488565444946,1504.38671875,0.0029971289930147745,0.03720739111304283,334,36.00478267669678,19373.5234375,0.03970500820510291,0.09580742358529247,0.054357290267944336
171,0.075,4,600,1,12.109632015228271,0.01686862729953271,0.03399939090013504,280,16.649635314941406,1504.38671875,0.004223255699164647,0.03671493008732796,239,36.65515446662903,19373.5234375,0.03948932220016904,0.0906647866974261,0.052701473236083984
172,0.075,4,600,2,15.77847933769226,0.01678422334086505,0.030392901971936226,379,17.329973936080933,1504.38671875,0.004723309250061755,0.03793376684188843,114,35.92385244369507,19373.5234375,0.04112950949078121,0.09389457936885502,0.07227015495300293
173,0.075,4,600,3,19.018110752105713,0.018418185061603306,0.030876610428094864,191,16.091355085372925,1504.38671875,0.0015112645731438488,0.03770964592695236,348,35.658655405044556,19373.5234375,0.04225110812402359,0.09504332294714858,0.056051015853881836
174,0.075,4,600,4,18.157939434051514,0.04261167448487006,0.049309514462947845,69,15.6061372756958,1504.38671875,0.0008026460427739137,0.0376138836145401,340,35.82624292373657,19373.5234375,0.041277685822845966,0.09275367969691727,0.06834554672241211
175,0.075,5,600,0,12.112766027450562,0.0110317384051757,0.023282203823328018,398,16.749932527542114,1504.38671875,0.0025590441925558752,0.03598875552415848,368,35.72084331512451,19373.5234375,0.024405139664869686,0.05747999440402313,0.04429030418395996
176,0.075,5,600,1,16.15896511077881,0.01250032917983857,0.025188526138663292,296,16.08433699607849,1504.38671875,0.00556464753620481,0.03532591834664345,256,34.8662211894989,19373.5234375,0.0230129883074932,0.054068816504079416,0.06700706481933594
177,0.075,5,600,2,15.017272710800171,0.005720100377712233,0.013189704157412052,397,16.502440452575684,1504.38671875,0.016224755433415842,0.03732577711343765,193,35.60392785072327,19373.5234375,0.023352827817566448,0.05450316133058968,0.05601096153259277
178,0.075,5,600,3,15.139680624008179,0.005973796468692658,0.012378647923469543,396,15.894743919372559,1504.38671875,0.002603856783592108,0.03567870706319809,355,35.985621213912964,19373.5234375,0.027698645567766373,0.06032703842915115,0.06836342811584473
179,0.075,5,600,4,12.685092449188232,0.006282726054931446,0.017124537378549576,397,15.41548204421997,1504.38671875,0.006588190913293337,0.03707343339920044,70,35.62513613700867,19373.5234375,0.02472898344667338,0.0532145061979893,0.057892560958862305
180,0.075,6,600,0,46.40763998031616,0.007112520274299126,0.014546762220561504,392,18.95630717277527,1504.38671875,0.001241755103591566,0.018227815628051758,366,36.43413949012756,19373.5234375,0.03468184664916357,0.08413084800351493,0.041224002838134766
181,0.075,6,600,1,13.232062339782715,0.006993452589813445,0.0135243134573102,399,17.870272397994995,1504.38671875,0.0026548837283612327,0.01712055131793022,392,35.94550156593323,19373.5234375,0.03604729648476908,0.08490588439263284,0.041399478912353516
182,0.075,6,600,2,27.864439725875854,0.007983151662844374,0.016116511076688766,363,16.15445876121521,1504.38671875,0.0012929665080864342,0.018500685691833496,392,36.46718215942383,19373.5234375,0.036855925911354226,0.08578088335055746,0.05123496055603027
183,0.075,6,600,3,19.484458208084106,0.007465632198787473,0.014386270195245743,380,16.13278889656067,1504.38671875,0.002020455819096053,0.016336534172296524,152,36.172882080078125,19373.5234375,0.03678486948112689,0.08342227079044039,0.0495297908782959
184,0.075,6,600,4,16.42311429977417,0.008288231963692943,0.016077226027846336,387,15.004093170166016,1504.38671875,0.0010069143401619995,0.017179574817419052,348,36.83335328102112,19373.5234375,0.035784591731660056,0.08206872779595,0.06745576858520508
185,0.075,7,600,0,35.516305446624756,0.0048347318866344205,0.011163103394210339,375,24.558874130249023,1504.38671875,0.0026182401739233098,0.01473732478916645,141,37.45800971984863,19373.5234375,0.022487634509351612,0.052014146042348344,0.039392709732055664
186,0.075,7,600,1,18.687907695770264,0.005214887560164459,0.013541743159294128,393,16.922861337661743,1504.38671875,0.002982342606455119,0.017162980511784554,392,37.52820372581482,19373.5234375,0.02271128956198124,0.05166959144165007,0.05787086486816406
187,0.075,7,600,2,20.87865424156189,0.005749074647806969,0.013389295898377895,378,18.296499967575073,1504.38671875,0.0048289624430444674,0.01746748760342598,353,37.568615436553955,19373.5234375,0.021245904827172552,0.05170091471141682,0.052863121032714844
188,0.075,7,600,3,14.712330102920532,0.0050371407994454255,0.012859517708420753,388,15.88666844367981,1504.38671875,0.002995440856036922,0.016618074849247932,162,37.58849906921387,19373.5234375,0.023100452634046705,0.05175165042718645,0.051329851150512695
189,0.075,7,600,4,12.46768569946289,0.0048181321492190435,0.01409615483134985,397,16.460050344467163,1504.38671875,0.004477310963363031,0.0155872143805027,174,36.98747777938843,19373.5234375,0.023223461120232356,0.051905675374855305,0.050551414489746094
190,0.075,8,600,0,11.245145797729492,0.009801807001158746,0.01930653490126133,362,15.8345205783844,1504.38671875,0.008051629278318496,0.029349040240049362,243,37.10173964500427,19373.5234375,0.024940446639829694,0.060698320585788626,0.05606484413146973
191,0.075,8,600,1,15.701834678649902,0.011455902120451888,0.021414628252387047,364,17.058387994766235,1504.38671875,0.012294575599295535,0.02966170571744442,261,37.77136182785034,19373.5234375,0.024450752521055295,0.05824708312777315,0.05116152763366699
192,0.075,8,600,2,25.097826957702637,0.012731406140206456,0.020704112946987152,326,17.617037296295166,1504.38671875,0.00475634864791953,0.028622306883335114,140,39.27436184883118,19373.5234375,0.023854836695786495,0.057893745840985854,0.05104660987854004
193,0.075,8,600,3,13.378448009490967,0.0094142672047947,0.01926157809793949,382,18.618197917938232,1504.38671875,0.006391986248094549,0.029648320749402046,162,38.45341515541077,19373.5234375,0.024768266134928597,0.05866851644609193,0.04290318489074707
194,0.075,8,600,4,13.221214532852173,0.010882434323973336,0.02063225395977497,389,16.007659196853638,1504.38671875,0.007890507497342757,0.029704634100198746,189,39.129082918167114,19373.5234375,0.023891508889576547,0.05928377252113683,0.05184197425842285
195,0.075,9,600,0,11.41558837890625,0.008631651563732771,0.016321629285812378,360,16.752780199050903,1504.38671875,0.002517518567162513,0.022303566336631775,91,38.48921179771423,19373.5234375,0.027439964778696917,0.06161183521183085,0.051160335540771484
196,0.075,9,600,1,15.170285940170288,0.009033416533124571,0.017872560769319534,394,15.733328342437744,1504.38671875,0.002112475990973489,0.021450504660606384,274,38.822712659835815,19373.5234375,0.02766201027330183,0.06294804904921424,0.04942488670349121
197,0.075,9,600,2,13.211067199707031,0.009216426077896212,0.0188127588480711,397,16.157071352005005,1504.38671875,0.00554942025759093,0.02125752530992031,51,38.94140887260437,19373.5234375,0.025841624302207367,0.060453313236296206,0.05027198791503906
198,0.075,9,600,3,17.46744418144226,0.008818516130830433,0.017800362780690193,375,16.20126962661743,1504.38671875,0.0021223979827812425,0.021877916529774666,285,39.70164966583252,19373.5234375,0.02685118010412247,0.06380448276282105,0.06960415840148926
199,0.075,9,600,4,15.264538764953613,0.008444702222212344,0.0180724635720253,378,16.389736652374268,1504.38671875,0.0031109045002997793,0.02179661951959133,319,40.98025560379028,19373.5234375,0.02775726546823241,0.06411018100990315,0.051017045974731445
200,0.05,0,400,0,17.438358545303345,0.011818142242916248,0.02298753336071968,235,10.79318356513977,1504.38671875,0.013171874075223104,0.022897735238075256,29,39.8718843460083,19373.5234375,0.02473482148939297,0.05606600920516534,0.03746390342712402
201,0.05,0,400,1,13.855191230773926,0.012065548996369324,0.02236323244869709,280,10.426666975021362,1504.38671875,0.011992219327077983,0.022475140169262886,39,41.33340787887573,19373.5234375,0.02592374307700384,0.05548764512420957,0.03835415840148926
202,0.05,0,400,2,11.293727159500122,0.011188433529244987,0.021774906665086746,267,10.289535760879517,1504.38671875,0.009792488004869234,0.02193652093410492,41,43.42238426208496,19373.5234375,0.02740887418937933,0.05494655028418881,0.05591630935668945
203,0.05,0,400,3,14.372903108596802,0.011307362799252024,0.022338882088661194,327,10.683004140853882,1504.38671875,0.015199248742468693,0.022402774542570114,29,43.90486121177673,19373.5234375,0.027822538104486105,0.05719599969200457,0.03146934509277344
204,0.05,0,400,4,16.03104829788208,0.010072210571678474,0.02122524380683899,380,10.726570129394531,1504.38671875,0.01477509645574724,0.021583721041679382,31,56.1523642539978,19373.5234375,0.026199261219180734,0.056392271809768135,0.02933788299560547
205,0.05,1,400,0,16.460017204284668,0.01597414741312148,0.03455914184451103,266,9.51655125617981,1504.38671875,0.003270752775396572,0.04839731380343437,146,57.68803906440735,19373.5234375,0.040839494555063825,0.09649046289313223,0.03323984146118164
206,0.05,1,400,1,13.887436628341675,0.010910525945596104,0.032601021230220795,386,10.59220290184021,1504.38671875,0.013399010856696226,0.050186339765787125,278,62.4486768245697,19373.5234375,0.037578629028447254,0.0940853277007122,0.04026603698730469
207,0.05,1,400,2,15.582650661468506,0.009670750584447578,0.029873432591557503,390,9.689629316329956,1504.38671875,0.004862645827257164,0.049903228878974915,355,61.72936224937439,19373.5234375,0.03672120906833144,0.09852421465141598,0.032379150390625
208,0.05,1,400,3,13.299578189849854,0.011784800346438404,0.03155307471752167,397,9.969177007675171,1504.38671875,0.005609558724124217,0.05146733671426773,201,44.3523154258728,19373.5234375,0.03724330323763736,0.09581023886506634,0.033049821853637695
209,0.05,1,400,4,17.138799905776978,0.01031070248096811,0.03161703050136566,383,10.836106538772583,1504.38671875,0.002993443059645897,0.05057142674922943,239,46.28765821456909,19373.5234375,0.04030840458992537,0.09678510784499293,0.03959488868713379
210,0.05,2,400,0,13.505852699279785,0.010086507226118294,0.03178040310740471,381,9.98334789276123,1504.38671875,0.005496887626708376,0.06075751781463623,393,56.945958852767944,19373.5234375,0.03543102792330475,0.08134683110709022,0.04038095474243164
211,0.05,2,400,1,13.56216049194336,0.015823023923235577,0.035353828221559525,206,10.402629375457764,1504.38671875,0.008629966757681667,0.06474896520376205,318,59.92065453529358,19373.5234375,0.03777618084902957,0.09234214278365657,0.03590679168701172
212,0.05,2,400,2,15.361085891723633,0.011582050855254962,0.030654912814497948,358,9.465226888656616,1504.38671875,0.016908451622568193,0.07279461622238159,264,62.56273031234741,19373.5234375,0.03795197608776456,0.08787603773640258,0.033699989318847656
213,0.05,2,400,3,16.213253259658813,0.011343778373310312,0.03132028877735138,390,10.167628049850464,1504.38671875,0.021735333387832866,0.06521068513393402,207,64.07912731170654,19373.5234375,0.037321752951995996,0.08998250333858165,0.03567981719970703
214,0.05,2,400,4,16.02927851676941,0.012385919174169115,0.03564724698662758,383,10.034380435943604,1504.38671875,0.0066271456416304685,0.06311291456222534,305,67.25521492958069,19373.5234375,0.03251665950412958,0.07600896573717951,0.04001307487487793
215,0.05,3,400,0,15.332336664199829,0.013756303089401564,0.03229421004652977,272,10.447855949401855,1504.38671875,0.006590509656748593,0.06261441111564636,86,68.48988795280457,19373.5234375,0.032348887540855985,0.07768388394373985,0.03242778778076172
216,0.05,3,400,1,14.55606198310852,0.010556820444969446,0.03008541278541088,390,11.202027559280396,1504.38671875,0.011830267361512263,0.06900499761104584,307,69.16895771026611,19373.5234375,0.036093174713124246,0.08817310133248091,0.0420374870300293
217,0.05,3,400,2,14.833089351654053,0.014619045429654146,0.03355246037244797,306,9.869533777236938,1504.38671875,0.0048991518327573735,0.07285463064908981,325,69.83378624916077,19373.5234375,0.03802441785203375,0.08803795632536884,0.041432857513427734
218,0.05,3,400,3,14.504024505615234,0.013942685544456754,0.03625352308154106,311,10.465661525726318,1504.38671875,0.015138838435956804,0.06997141242027283,49,75.92649865150452,19373.5234375,0.03282621156417709,0.08133839441324357,0.036516666412353516
219,0.05,3,400,4,15.167497634887695,0.009746795314559515,0.025985101237893105,398,10.345633745193481,1504.38671875,0.004173854330142048,0.06560944020748138,339,52.452508211135864,19373.5234375,0.03230077116776414,0.0761839753461943,0.03167366981506348
220,0.05,4,400,0,13.571013927459717,0.015644488649816435,0.038892991840839386,361,9.737998008728027,1504.38671875,0.005188345966208762,0.048596881330013275,302,33.21016573905945,19373.5234375,0.04408392785450846,0.10476080382017364,0.03175926208496094
221,0.05,4,400,1,12.6531982421875,0.017052141116597436,0.03685690090060234,300,10.656237602233887,1504.38671875,0.010158977361411428,0.04554450139403343,143,32.73369359970093,19373.5234375,0.047635954811359744,0.1070361484263686,0.032683610916137695
222,0.05,4,400,2,16.76203179359436,0.013495860269481493,0.03946385905146599,392,10.914569854736328,1504.38671875,0.0024841520126963365,0.04780912026762962,329,32.731051445007324,19373.5234375,0.04748932633477407,0.10223690783598717,0.031042098999023438
223,0.05,4,400,3,15.77121901512146,0.017176915949914807,0.040002238005399704,395,9.23723316192627,1504.38671875,0.008064848386511994,0.04629866033792496,380,32.43045687675476,19373.5234375,0.04619101281684167,0.1038171214591818,0.05452537536621094
224,0.05,4,400,4,13.051728010177612,0.0435292878305444,0.05142355337738991,81,10.69546627998352,1504.38671875,0.006251290568932923,0.04642513021826744,251,32.20197653770447,19373.5234375,0.04362660585667999,0.10188148701904397,0.03999662399291992
225,0.05,5,400,0,13.955797672271729,0.011434964218769213,0.027331700548529625,275,9.761427164077759,1504.38671875,0.009756129747447244,0.04135211929678917,53,32.458983421325684,19373.5234375,0.031417872887444645,0.06687256794719844,0.035036563873291016
226,0.05,5,400,1,13.135286808013916,0.01062035600066925,0.030365897342562675,362,10.130429983139038,1504.38671875,0.008532244680781896,0.042690061032772064,316,32.967607259750366,19373.5234375,0.029369272506610655,0.06959696600867203,0.03568005561828613
227,0.05,5,400,2,16.087679624557495,0.005994224319479915,0.02092122472822666,399,10.361122846603394,1504.38671875,0.006401122741870999,0.039927296340465546,116,33.23053240776062,19373.5234375,0.030420889106858008,0.07040230173951859,0.04207634925842285
228,0.05,5,400,3,15.089588165283203,0.006019566295024351,0.020565425977110863,396,10.130589485168457,1504.38671875,0.004464834573837855,0.04054122790694237,77,33.05871558189392,19373.5234375,0.029486391101830864,0.06777539721194782,0.04295849800109863
229,0.05,5,400,4,11.625038146972656,0.00575499539602604,0.019766049459576607,396,10.326460361480713,1504.38671875,0.0033088281234789512,0.04430045187473297,301,33.38900542259216,19373.5234375,0.029747772386640278,0.07214947397039743,0.051407814025878906
230,0.05,6,400,0,15.561011552810669,0.005850074071805859,0.014911341480910778,396,10.227455854415894,1504.38671875,0.001018695576704068,0.01971329189836979,319,33.265321016311646,19373.5234375,0.03840914486981965,0.08459037993009817,0.03688979148864746
231,0.05,6,400,1,17.267516374588013,0.00747718229557872,0.017683949321508408,397,9.155815362930298,1504.38671875,0.003988829761143471,0.02196546271443367,345,33.320709466934204,19373.5234375,0.03788940808304682,0.08472961783733847,0.037479400634765625
232,0.05,6,400,2,15.667155027389526,0.006830484207688696,0.016762128099799156,390,10.06722092628479,1504.38671875,0.004887836524731445,0.01906057819724083,175,34.082162857055664,19373.5234375,0.03751667931032707,0.08377637016618183,0.04084634780883789
233,0.05,6,400,3,13.356442928314209,0.0062390050719835196,0.01677614077925682,382,9.483535051345825,1504.38671875,0.007049078920764358,0.020601525902748108,372,34.409207820892334,19373.5234375,0.03586949818996267,0.08808186879208169,0.03129768371582031
234,0.05,6,400,4,15.049921035766602,0.006659781597416207,0.016539614647626877,399,10.146796464920044,1504.38671875,0.001694283152113207,0.019110362976789474,196,34.38337731361389,19373.5234375,0.036566493213947594,0.08739748613534244,0.03818821907043457
235,0.05,7,400,0,13.593627691268921,0.004554127654543986,0.01589016616344452,396,9.793247938156128,1504.38671875,0.0021735275869017544,0.018910452723503113,151,32.99068212509155,19373.5234375,0.023398815415134028,0.05654027549415622,0.03038954734802246
236,0.05,7,400,1,18.648579597473145,0.005530697898451452,0.01372669916599989,394,10.13711142539978,1504.38671875,0.0014827366705563122,0.018374664708971977,245,33.03765559196472,19373.5234375,0.025130492077501634,0.05515382490951393,0.0377047061920166
237,0.05,7,400,2,15.854777097702026,0.004823181664187366,0.014549927785992622,392,10.017114877700806,1504.38671875,0.0034547941105483927,0.017819147557020187,218,33.48424959182739,19373.5234375,0.022768267158826884,0.054889131066057396,0.053342580795288086
238,0.05,7,400,3,15.083901405334473,0.005132929685795353,0.01450370904058218,386,10.884260892868042,1504.38671875,0.005179910115358682,0.017548102885484695,340,33.33589172363281,19373.5234375,0.024185674098035986,0.05741187510857987,0.029862642288208008
239,0.05,7,400,4,17.251516103744507,0.005032155247143795,0.016512412577867508,398,9.787234544754028,1504.38671875,0.002899505740714044,0.01872152090072632,204,33.545469999313354,19373.5234375,0.022580189659326275,0.05551412773302922,0.030376195907592773
240,0.05,8,400,0,14.156649112701416,0.0084337836470064,0.021798275411128998,397,10.701498031616211,1504.38671875,0.004461411631156484,0.03284456208348274,298,33.621233224868774,19373.5234375,0.027459591671591333,0.06178135323487327,0.03054046630859375
241,0.05,8,400,1,13.374823331832886,0.012350478422033578,0.024714667350053787,263,9.713987588882446,1504.38671875,0.00449316558453623,0.0313926599919796,296,33.812132596969604,19373.5234375,0.025870578381475995,0.060545639804363956,0.02971053123474121
242,0.05,8,400,2,11.530469179153442,0.01297888348525847,0.0239011961966753,208,10.615752935409546,1504.38671875,0.009082432968464029,0.03201108053326607,290,34.926599740982056,19373.5234375,0.024901710262458313,0.059078468479079146,0.03240609169006348
243,0.05,8,400,3,14.54648470878601,0.012284647539290768,0.02433311939239502,215,9.878011226654053,1504.38671875,0.009241225693878113,0.032302770763635635,393,33.220879316329956,19373.5234375,0.023884188989854987,0.06236580872565352,0.055152177810668945
244,0.05,8,400,4,14.98611307144165,0.010529059947346172,0.022553151473402977,238,10.466374635696411,1504.38671875,0.003377551542523903,0.03096764348447323,183,33.44761562347412,19373.5234375,0.025559880420374118,0.05973828170171002,0.03879404067993164
245,0.05,9,400,0,16.59024214744568,0.008699101140977961,0.01970888115465641,392,9.441971063613892,1504.38671875,0.00502510970350647,0.02312166430056095,285,33.474215269088745,19373.5234375,0.031344856674111174,0.06588813829796503,0.02982950210571289
246,0.05,9,400,1,16.31061053276062,0.008069775960154603,0.020932404324412346,378,10.480193853378296,1504.38671875,0.006374354881479975,0.024250084534287453,274,33.05983901023865,19373.5234375,0.02803806213969971,0.06501077491429864,0.02950263023376465
247,0.05,9,400,2,17.38010549545288,0.007770496344537793,0.01871076412498951,322,9.873729228973389,1504.38671875,0.0008520990416588137,0.023055890575051308,389,33.3651921749115,19373.5234375,0.030300641965950753,0.06645815691437924,0.03874921798706055
248,0.05,9,400,3,15.522821426391602,0.008881231543586032,0.022713320329785347,329,13.92769742012024,1504.38671875,0.004278379465135468,0.0235927551984787,332,33.81582546234131,19373.5234375,0.028641348374047478,0.06600565962654227,0.03301095962524414
249,0.05,9,400,4,16.853861093521118,0.007422721849015613,0.0197287630289793,386,13.61083436012268,1504.38671875,0.00514921996105699,0.023931272327899933,55,34.48381304740906,19373.5234375,0.030785448138479117,0.06488716349259857,0.03753376007080078
